rho,dataset,epoch_max_mean,epoch_max_sem,epoch_min_mean,epoch_min_sem,global_step_max_mean,global_step_max_sem,global_step_min_mean,global_step_min_sem,num_train_steps_max_mean,num_train_steps_max_sem,num_train_steps_min_mean,num_train_steps_min_sem,train_loss_max_mean,train_loss_max_sem,train_loss_min_mean,train_loss_min_sem,OneHotClassificationMetrics_accuracy_max_mean,OneHotClassificationMetrics_accuracy_max_sem,OneHotClassificationMetrics_accuracy_min_mean,OneHotClassificationMetrics_accuracy_min_sem,OneHotClassificationMetrics_precision_max_mean,OneHotClassificationMetrics_precision_max_sem,OneHotClassificationMetrics_precision_min_mean,OneHotClassificationMetrics_precision_min_sem,OneHotClassificationMetrics_recall_max_mean,OneHotClassificationMetrics_recall_max_sem,OneHotClassificationMetrics_recall_min_mean,OneHotClassificationMetrics_recall_min_sem,OneHotClassificationMetrics_f1_score_max_mean,OneHotClassificationMetrics_f1_score_max_sem,OneHotClassificationMetrics_f1_score_min_mean,OneHotClassificationMetrics_f1_score_min_sem,OneHotClassificationMetrics_mcc_max_mean,OneHotClassificationMetrics_mcc_max_sem,OneHotClassificationMetrics_mcc_min_mean,OneHotClassificationMetrics_mcc_min_sem,train_energy_mean,train_energy_sem,total_energy_mean,total_energy_sem,train_time_mean,train_time_sem,total_time_mean,total_time_sem,BleuScore_bleu_max_mean,BleuScore_bleu_max_sem,BleuScore_bleu_min_mean,BleuScore_bleu_min_sem,NistScore_nist_max_mean,NistScore_nist_max_sem,NistScore_nist_min_mean,NistScore_nist_min_sem,RougeScore_rouge1_max_mean,RougeScore_rouge1_max_sem,RougeScore_rouge1_min_mean,RougeScore_rouge1_min_sem,RougeScore_rouge2_max_mean,RougeScore_rouge2_max_sem,RougeScore_rouge2_min_mean,RougeScore_rouge2_min_sem,RougeScore_rougeL_max_mean,RougeScore_rougeL_max_sem,RougeScore_rougeL_min_mean,RougeScore_rougeL_min_sem,RougeScore_rougeLsum_max_mean,RougeScore_rougeLsum_max_sem,RougeScore_rougeLsum_min_mean,RougeScore_rougeLsum_min_sem,MeteorScore_meteor_max_mean,MeteorScore_meteor_max_sem,MeteorScore_meteor_min_mean,MeteorScore_meteor_min_sem,total_flops_mean,total_flops_sem
0.25,allenai_task219_rocstories_title_answer_generation,2.999999999999902,0.0,0.0,0.0,2199.0,0.0,0.0,0.0,2199.0,0.0,2199.0,0.0,1.204040765762329,0.0,0.8251628279685974,0.0,,,,,,,,,,,,,,,,,,,,,23059.949298879663,187.1107390930225,66566.96328186133,2122.163639090258,83.26674100000001,1.6006049283818702,519.1333576666667,6.299722520372922,0.0024216307900214,0.0013259863163764,0.0,0.0,0.2800302058242105,0.0080443583395545,0.0230244687004326,0.0001179834622957,0.1681351635754624,0.0022125523973541,0.0349952078896197,0.0005849774145646,0.0365273288174731,0.0009542679202547,0.0069257929492657,0.0003187314296589,0.1672573808066907,0.0023105484802597,0.0334929057852556,0.0006659707304175,0.1675987281170017,0.0022826262138138,0.0341845737682638,0.000587516637533,0.1609886251212471,0.0013093670006475,0.0791453424401609,0.0018524831503617,9175843203616384.0,
0.25,allenai_task288_gigaword_summarization,5.000000000000068,0.0,0.0,0.0,1080.0,0.0,0.0,0.0,1080.0,0.0,1080.0,0.0,3.3075311183929443,0.0,1.5924351215362549,0.0,,,,,,,,,,,,,,,,,,,,,9711.249551691,177.08510328820847,39352.49479770833,783.5544303168793,36.70636533333333,1.316567251522221,469.3273876666667,37.619852770730745,0.0164644098214037,0.0030489992394746,0.0011991622751683,0.0001919219827051,0.7194138681000305,0.0285450075515267,0.1660430217101607,0.0052865223611442,0.130336611353887,0.001027841706567,0.0910738657374629,0.0039042628152596,0.0313376444695514,0.0004809290454781,0.0233838374044851,0.0015425337647836,0.1151789302066596,0.0014181787326523,0.0772005322885139,0.0030714943842587,0.1157897077463286,0.0014753028941694,0.078813453962585,0.003200793686438,0.1595165051451666,0.0034628585852073,0.1283528196958633,0.0026194686122736,3744136825717568.0,
0.25,alpaca_mmlu,0.9999999999999222,0.0,0.0,0.0,6376.0,0.0,0.0,0.0,6376.0,0.0,6376.0,0.0,1.5289499362309773,0.0003301566813339,1.5289499362309773,0.0003301566813339,,,,,,,,,,,,,,,,,,,,,182890.192455039,7295.831243999799,342244.96873606567,12547.203281165475,614.6443443333334,3.0882300931301594,1640.316572,101.09485723399035,0.0670753767858949,0.0005908824091943,0.0540515376862304,0.0011102528907862,1.7730780748416624,0.01967630388715,1.5079845173354842,0.0080220248322872,0.2925786286254846,0.0005917713380172,0.2820240613423563,0.0010976871290007,0.113255490877101,0.001077694830076,0.1064234268438851,0.0020801676058711,0.2203779471812405,0.0011826908582361,0.2073737719381488,0.0014892062676233,0.2406291777079003,0.0013445195458656,0.2318172747990355,0.0017693955884764,0.2883843538065018,0.0012198283600503,0.2672488404661839,0.0009778512290187,3.977994634730378e+16,
0.25,arc_challenge,7.999999999999974,0.0,0.0,0.0,560.0,0.0,0.0,0.0,560.0,0.0,560.0,0.0,0.7290690541267395,0.0,0.4476180374622345,0.0,0.2642140468227424,0.0,0.1872909698996655,0.0,,,,,,,,,,,,,,,,,9201.153627470332,169.44853600142036,13152.302917357332,503.7387082341808,35.598188666666665,0.2865574985317558,56.86846933333334,5.8571780334641925,,,,,,,,,,,,,,,,,,,,,,,,,,,,,4247514529884416.0,
0.25,arc_easy,1.000000000000001,0.0,0.0,0.0,141.0,0.0,0.0,0.0,141.0,0.0,141.0,0.0,0.5603389739990234,0.0,0.5603389739990234,0.0,0.2473684210526315,0.0,0.231578947368421,0.0,,,,,,,,,,,,,,,,,2026.728484340667,43.12601038892039,3351.303457196333,173.87439544120727,7.863939666666667,0.148386370705369,15.443398,2.0084754695774443,,,,,,,,,,,,,,,,,,,,,,,,,,,,,950533837133664.0,
0.25,boolq,2.999999999999861,0.0,0.0,0.0,3537.0,0.0,0.0,0.0,3537.0,0.0,3537.0,0.0,0.2687149941921233,0.001565661037906,0.1660985251267751,0.0018220465183636,0.6512742099898063,0.000203873598369,0.6186544342507645,0.0,0.6848429185329327,0.000196922041678,0.6243670886075949,0.0,0.970486965076242,0.0,0.8134120347597967,0.0006558452205279,0.7598690544964376,0.0,0.7391821396138963,0.0009052104621754,0.2187221500093041,0.0004681829405569,0.0293381270235792,0.0,62680.67891850867,2072.30570017546,100439.66475470434,7396.013515337363,249.619734,3.2405351071936157,470.9506586666666,79.24053774094538,,,,,,,,,,,,,,,,,,,,,,,,,,,,,2.9065628493292736e+16,
0.25,glue_cola,3.0000000000000324,0.0,0.0,0.0,1605.0,0.0,0.0,0.0,,,,,0.1999982893466948,0.0,0.137888565659523,0.0,0.7603068072866731,0.0,0.6001917545541706,0.0,0.751334044823906,0.0,0.6849148418491483,0.0,0.9791955617198336,0.0,0.7808599167822469,0.0,0.8492159227985526,0.0,0.729747245625405,0.0,0.3865296474948357,0.0,-0.0265526507918896,0.0,20883.993884342333,577.2232853589892,30322.732867798,472.7262345200448,71.66793766666666,1.4119577192189938,104.233556,4.661610049460731,,,,,,,,,,,,,,,,,,,,,,,,,,,,,3942466086100128.0,
0.25,glue_mnli_matched,0.9999999999997308,0.0,0.0,0.0,24544.0,0.0,0.0,0.0,,,,,0.1253988643487294,0.0035871329319082,0.1253988643487294,0.0035871329319082,0.8345050093394465,0.0002449007488853,0.3496688741721854,0.0,,,,,,,,,,,,,,,,,987827.614781421,16780.9314766953,1444977.2660428418,38792.71829897485,1902.454192,10.526677761521915,3472.11979,351.81592693792084,,,,,,,,,,,,,,,,,,,,,,,,,,,,,1.7678530516918563e+17,
0.25,glue_mnli_mismatched,0.9999999999997308,0.0,0.0,0.0,24544.0,0.0,0.0,0.0,,,,,0.1253988643487294,0.0035871329319082,0.1253988643487294,0.0035871329319082,0.8415717385408191,0.0003234130734394,0.3331977217249796,0.0,,,,,,,,,,,,,,,,,987827.614781421,16780.9314766953,1444977.2660428418,38792.71829897491,1902.454192,10.526677761521915,3472.11979,351.81592693792084,,,,,,,,,,,,,,,,,,,,,,,,,,,,,1.7678530516918563e+17,
0.25,glue_mrpc,9.99999999999974,0.0,0.0,0.0,2300.0,0.0,0.0,0.0,,,,,0.270377367734909,0.0,0.1443276554346084,0.0,0.7009803921568626,0.0,0.3848039215686274,0.0,0.7162534435261708,0.0,0.6111111111111112,0.0,0.967741935483871,0.0,0.2759856630824372,0.0,0.8134556574923547,0.0,0.3802469135802469,0.0,0.1980870391041954,0.0,-0.1045279693589734,0.0,70665.39298409766,1272.733503978886,91207.20186772768,1125.700849175526,241.033515,1.4890561865360723,314.740183,10.25851477209244,,,,,,,,,,,,,,,,,,,,,,,,,,,,,1.474203637835392e+16,
0.25,glue_qnli,1.000000000000267,0.0,0.0,0.0,13093.0,0.0,0.0,0.0,13093.0,0.0,13093.0,0.0,0.1379857112963994,0.0045145766192233,0.1379857112963994,0.0045145766192233,0.8112758557569101,0.0009686074724746,0.4949661358228079,0.0,1.0,0.0,0.8416526483459653,0.0017449009405495,0.7718218036943135,0.0043512788339828,0.0007243752263672,0.0,0.8052028299252364,0.001664688487936,0.0014477017734346,0.0,0.6250760651691246,0.0015853172341444,0.0189316461535685,0.0,216257.39410463037,9374.69565586248,306405.41167008696,11434.066785074285,749.1183793333333,7.537687288349205,1113.739656,125.54534549307084,,,,,,,,,,,,,,,,,,,,,,,,,,,,,4.43897602125043e+16,
0.25,glue_qqp,0.9999999999999862,0.0,0.0,0.0,45481.0,0.0,0.0,0.0,,,,,0.1196897377570469,0.0023903499046961,0.1196897377570469,0.0023903499046961,0.8624124000329788,8.244702778492652e-06,0.5375463764531289,0.0,0.8492121227091632,7.354593013698489e-05,0.3449397982427595,0.0,0.7615048706751764,6.718172657039592e-05,0.2848505206583809,0.0,0.8029705534642453,4.477525660985064e-06,0.312028553556316,0.0,0.7001992203281869,1.5674723575632526e-05,-0.0318303717947929,0.0,557267.4895822279,31326.310481571043,920309.5466456442,30251.771770891457,1830.679883,69.89951101324071,3148.941400333333,299.66372775664104,,,,,,,,,,,,,,,,,,,,,,,,,,,,,1.0910003226907523e+17,
0.25,glue_rte,10.000000000000243,0.0,0.0,0.0,1560.0,0.0,0.0,0.0,1560.0,0.0,1560.0,0.0,0.3301962216695149,0.0014691879907472,0.169093628724416,0.0017047007864614,0.6522262334536703,0.0043388101991142,0.5270758122743683,0.0,0.6527205196459854,0.004806226614648,0.0,0.0,0.7022900763358778,0.0076335877862595,0.0,0.0,0.6486291061379401,0.002873918048181,0.0,0.0,0.3058191388633318,0.005831836143699,0.0,0.0,84352.35045157933,1852.181616552208,106166.946265414,3633.500546106173,293.8299886666667,0.604863956432167,380.49343433333337,26.7799394307342,,,,,,,,,,,,,,,,,,,,,,,,,,,,,1.8624735014645184e+16,
0.25,glue_sst2,0.9999999999999372,0.0,0.0,0.0,4210.0,0.0,0.0,0.0,,,,,0.0587589666247367,0.0,0.0587589666247367,0.0,0.9426605504587156,0.0,0.6032110091743119,0.0,0.933920704845815,0.0,0.5698005698005698,0.0,0.954954954954955,0.0,0.9009009009009008,0.0,0.9443207126948776,0.0,0.6980802792321118,0.0,0.8854674484751429,0.0,0.2464381688891662,0.0,84023.77489298499,918.9966993552738,121233.64065414866,1797.941338388954,281.1723183333333,1.6383693288049346,417.6828983333333,21.71840497732975,,,,,,,,,,,,,,,,,,,,,,,,,,,,,1.7760294258040912e+16,
0.25,hellaswag,2.999999999999721,0.0,0.0,0.0,14967.0,0.0,0.0,0.0,14967.0,0.0,14967.0,0.0,0.4769857128461202,6.351285428952666e-05,0.3357073167959849,0.0124368044520315,0.2948947752771692,0.0021251886480129,0.2524065591183694,0.0010290114850959,,,,,,,,,,,,,,,,,311912.26940138865,5455.848017015268,458686.35124636505,13202.1860742702,1026.1163596666663,13.45349731881342,1766.1893363333336,146.4289624615903,,,,,,,,,,,,,,,,,,,,,,,,,,,,,1.1337998196754818e+17,
0.25,piqa,3.000000000000148,0.0,0.0,0.0,6045.0,0.0,0.0,0.0,6045.0,0.0,6045.0,0.0,0.257003645102183,0.0014554534759118,0.2225258102019627,0.0056971695743487,0.519949220166848,0.0016119322483343,0.4967355821545158,0.0,1.0,0.0,0.511364371324871,0.0023776786048482,0.367816091954023,0.003192598569438,0.0032327586206896,0.0,0.4355491252483894,0.0030291596968003,0.0064446831364123,0.0,0.0462318139407262,0.0031096544582832,0.0091331727600014,0.0033945948137841,68124.18117320334,3447.4359150442924,102787.37717573368,11376.40250919585,271.336975,5.309649865545677,510.6998126666667,134.08677515788713,,,,,,,,,,,,,,,,,,,,,,,,,,,,,2.9471822399917376e+16,
0.5,allenai_task219_rocstories_title_answer_generation,3.0000000000001505,0.0,0.0,0.0,2211.0,0.0,0.0,0.0,2211.0,0.0,2211.0,0.0,1.135213017463684,0.0,0.6065856218338013,0.0,,,,,,,,,,,,,,,,,,,,,27982.94841963933,173.52345586966936,82729.73057363399,857.0692464437817,90.214223,1.2221646658728085,728.6891956666667,70.07277524179098,0.0050673177875803,0.005042409210462,0.0,0.0,0.2005041037242564,0.0099484647035049,0.0206662738073488,0.0002341411615789,0.2096999525053964,0.0021471345166929,0.0342217274780995,0.0007256240029202,0.0628619135887984,0.0029982860260706,0.0066122682512739,0.000373855326462,0.2082403117214089,0.0024326700830216,0.0328196607885305,0.0006183323009905,0.2087195052582822,0.002494530693107,0.0333796963058092,0.0006913711773432,0.209470243689901,0.0037687039942667,0.0793378018421512,0.0018722042461225,1.1480789959170816e+16,
0.5,allenai_task288_gigaword_summarization,4.999999999999924,0.0,0.0,0.0,1090.0,0.0,0.0,0.0,1090.0,0.0,1090.0,0.0,2.893425941467285,0.0,1.5616066455841064,0.0,,,,,,,,,,,,,,,,,,,,,12221.069230174,144.48329384468786,31259.95739785567,1546.6693211875922,41.14024,0.8665941529051137,281.2066453333333,20.220268450024008,0.0315036691433949,0.0014901881500096,0.0006505556271581,8.933798586172585e-05,1.1881118704965266,0.0126282060456965,0.1620114605977317,0.0012189066117328,0.1821251988643042,0.0009778059361994,0.0866774544226785,0.0020481556939248,0.0559276803451849,0.0015948893646794,0.0221842357217184,0.0015131753961425,0.1620077829402467,0.0009636574629868,0.0730086110904407,0.002204901333184,0.1617876386556289,0.0007315136020125,0.0746021484175481,0.0020484737794331,0.179688302364949,0.0053483745161909,0.1361009364592112,0.0028915182020095,4725926524692176.0,
0.5,alpaca_mmlu,0.9999999999999222,0.0,0.0,0.0,6376.0,0.0,0.0,0.0,6376.0,0.0,6376.0,0.0,1.418340524037679,0.0004493442557391,1.418340524037679,0.0004493442557391,,,,,,,,,,,,,,,,,,,,,218770.7706248524,10076.146200677382,437803.947434594,20705.575917270307,751.2519146666667,2.0288342400973782,2188.92904,184.22177281042497,0.0999760377928773,0.0012567779898124,0.0541346929360384,0.0009239964467962,2.1427549205109213,0.0151091052573608,1.502137953170991,0.0054860515930275,0.3300231901650245,0.0006921782572563,0.2840674459025803,0.0008349414061058,0.1393460595361286,0.0007195377138217,0.1072903567222369,0.0017574711826024,0.256016269614595,0.0001737113569857,0.2105435179097152,0.000893518366866,0.2747847078413638,6.2380758171731e-05,0.2342664754235402,0.0011388978985428,0.315424674974815,0.0023113271248096,0.2875060729818942,0.001553494121562,4.958942115651894e+16,
0.5,arc_challenge,7.999999999999974,0.0,0.0,0.0,560.0,0.0,0.0,0.0,560.0,0.0,560.0,0.0,0.4968535006046295,0.0,0.3111616969108581,0.0,0.2809364548494983,0.0,0.1872909698996655,0.0,,,,,,,,,,,,,,,,,11354.671099960666,161.51954580674845,17665.006424698335,711.3323181577382,42.307554333333336,0.2363180674862689,101.92963733333332,8.350385740684482,,,,,,,,,,,,,,,,,,,,,,,,,,,,,5323233360199936.0,
0.5,arc_easy,1.000000000000001,0.0,0.0,0.0,141.0,0.0,0.0,0.0,141.0,0.0,141.0,0.0,0.5084227919578552,0.0,0.5084227919578552,0.0,0.2789473684210526,0.0,0.2473684210526315,0.0,,,,,,,,,,,,,,,,,2520.8537839100004,53.070550042577935,4497.258732789,245.94194437926575,9.419580666666668,0.2508232730126491,27.493564666666668,2.923808302983875,,,,,,,,,,,,,,,,,,,,,,,,,,,,,1193121380689824.0,
0.5,boolq,2.999999999999861,0.0,0.0,0.0,3537.0,0.0,0.0,0.0,3537.0,0.0,3537.0,0.0,0.219141349196434,0.0039127591807367,0.0417281575500964,0.0023594537872616,0.7896024464831805,0.0008090982602644,0.6186544342507645,0.0,0.8626665326698554,0.0010988382838593,0.6243670886075949,0.0,0.970486965076242,0.0,0.7184784390883752,0.0067284094207847,0.8231030682425998,0.0006902021098274,0.7484359562136197,0.005771092872979,0.5686403772247236,0.001879820717181,0.0293381270235792,0.0,78374.58328998233,2418.749464959505,133621.351433284,12556.287913031225,304.354755,2.09558599709135,812.0426846666666,145.17738252662733,,,,,,,,,,,,,,,,,,,,,,,,,,,,,3.643275492663955e+16,
0.5,glue_cola,3.0000000000000324,0.0,0.0,0.0,1605.0,0.0,0.0,0.0,,,,,0.1838042438030243,0.0,0.0672964975237846,0.0,0.8379674017257909,0.0,0.6001917545541706,0.0,0.8349514563106796,0.0,0.6849148418491483,0.0,0.9680998613037448,0.0,0.7808599167822469,0.0,0.8906148867313913,0.0,0.729747245625405,0.0,0.6032750847516872,0.0,-0.0265526507918896,0.0,25855.092104031995,466.09702460630376,43461.804442834,775.3544435324156,82.95186433333333,0.0448258539399385,158.73041733333332,9.849523968346734,,,,,,,,,,,,,,,,,,,,,,,,,,,,,4963557967927648.0,
0.5,glue_mnli_matched,0.9999999999997308,0.0,0.0,0.0,24544.0,0.0,0.0,0.0,,,,,0.094176153341929,0.0029221926982931,0.094176153341929,0.0029221926982931,0.8644931227712686,0.0013681940620467,0.3496688741721854,0.0,,,,,,,,,,,,,,,,,1053818.5514159175,11089.344021081148,1813329.2182143012,70681.79679959979,2162.690395333333,83.68370627689193,5610.398575,717.4407451363307,,,,,,,,,,,,,,,,,,,,,,,,,,,,,2.1776486394578275e+17,
0.5,glue_mnli_mismatched,0.9999999999997308,0.0,0.0,0.0,24544.0,0.0,0.0,0.0,,,,,0.094176153341929,0.0029221926982931,0.094176153341929,0.0029221926982931,0.87435584486032,0.0007573334656796,0.3331977217249796,0.0,,,,,,,,,,,,,,,,,1053818.5514159175,11089.344021081148,1813329.2182143012,70681.79679959979,2162.690395333333,83.68370627689193,5610.398575,717.4407451363307,,,,,,,,,,,,,,,,,,,,,,,,,,,,,2.1776486394578275e+17,
0.5,glue_mrpc,9.99999999999974,0.0,0.0,0.0,2300.0,0.0,0.0,0.0,,,,,0.2434824705123901,0.0,0.0620051808655262,0.0,0.7720588235294118,0.0,0.3848039215686274,0.0,0.8257575757575758,0.0,0.6111111111111112,0.0,0.985663082437276,0.0,0.2759856630824372,0.0,0.8431703204047217,0.0,0.3802469135802469,0.0,0.4416271764172406,0.0,-0.1045279693589734,0.0,87156.42947164632,1359.3904364325094,124631.355807903,2217.373856989041,297.69011166666667,0.4167154366928655,503.154528,21.2273381188063,,,,,,,,,,,,,,,,,,,,,,,,,,,,,1.8451008720641024e+16,
0.5,glue_qnli,1.000000000000267,0.0,0.0,0.0,13093.0,0.0,0.0,0.0,13093.0,0.0,13093.0,0.0,0.094174380103747,0.0070950582467969,0.094174380103747,0.0070950582467969,0.8719873085606199,0.0022797659030166,0.4949661358228079,0.0,1.0,0.0,0.9020883326061396,0.0006635504432244,0.8376192200893396,0.0043879709876581,0.0007243752263672,0.0,0.8686499712531656,0.0026329400273412,0.0014477017734346,0.0,0.7461031451177859,0.0043208367264393,0.0189316461535685,0.0,261985.4256346973,10409.29398570093,430463.69492578105,19047.26664626112,880.7854246666667,1.3801543166593826,1724.8342999999998,228.72742956953127,,,,,,,,,,,,,,,,,,,,,,,,,,,,,5.558084627502488e+16,
0.5,glue_qqp,0.9999999999999862,0.0,0.0,0.0,45481.0,0.0,0.0,0.0,,,,,0.0868777632713317,0.0061450093464981,0.0868777632713317,0.0061450093464981,0.8748041883090115,0.0009390640459641,0.5375463764531289,0.0,0.8847437832064338,0.0012570720249304,0.3449397982427595,0.0,0.7588176016123614,0.0043384694705406,0.2848505206583809,0.0,0.8169359577757801,0.0019700411681835,0.312028553556316,0.0,0.7275950035225929,0.0020274793445275,-0.0318303717947929,0.0,677441.5505852207,33817.10895204123,1262917.5649500994,54800.69841259415,2203.622855333333,11.037161573417237,4816.847379666667,689.5918296310738,,,,,,,,,,,,,,,,,,,,,,,,,,,,,1.3572690419003133e+17,
0.5,glue_rte,10.000000000000243,0.0,0.0,0.0,1560.0,0.0,0.0,0.0,1560.0,0.0,1560.0,0.0,0.2507069408893584,0.0019681196021816,0.0137972036997476,0.0116785521131036,0.7894103489771359,0.0048134777376654,0.5270758122743683,0.0,0.8100565546690383,0.0070100273308566,0.0,0.0,0.8091603053435114,0.0132217618898387,0.0,0.0,0.7816811277218111,0.008140796447485,0.0,0.0,0.5808704067364686,0.009365435347241,0.0,0.0,104587.20747521,2156.1343826771595,143236.81093528998,5603.375865761192,364.424256,2.256285351617357,599.2757636666666,44.54877016774686,,,,,,,,,,,,,,,,,,,,,,,,,,,,,2.331880314281357e+16,
0.5,glue_sst2,0.9999999999999372,0.0,0.0,0.0,4210.0,0.0,0.0,0.0,,,,,0.0369552858173847,0.0,0.0369552858173847,0.0,0.94151376146789,0.0,0.6032110091743119,0.0,0.9376391982182628,0.0,0.5698005698005698,0.0,0.9481981981981984,0.0,0.9009009009009008,0.0,0.942889137737962,0.0,0.6980802792321118,0.0,0.8830216228882731,0.0,0.2464381688891662,0.0,93749.72106568069,981.9920458855267,139013.70436915968,3353.0658781392785,318.30809733333336,0.9170894638438616,560.767528,37.05036940070222,,,,,,,,,,,,,,,,,,,,,,,,,,,,,1.98932696401748e+16,
0.5,hellaswag,2.999999999999721,0.0,0.0,0.0,14967.0,0.0,0.0,0.0,14967.0,0.0,14967.0,0.0,0.1597887476285298,0.0038799968376321,0.004678038181737,0.0008141590809371,0.8116908982274448,0.0008925399760837,0.2534355706034654,0.0,,,,,,,,,,,,,,,,,402824.0879307017,7527.415479440025,653446.633813064,26577.92821986848,1355.0120146666666,16.235459793627193,3627.3436386666663,333.79457080224483,,,,,,,,,,,,,,,,,,,,,,,,,,,,,1.4173277928953507e+17,
0.5,piqa,3.000000000000148,0.0,0.0,0.0,6045.0,0.0,0.0,0.0,6045.0,0.0,6045.0,0.0,0.2329071611166,0.0008760960751996,0.2050943275292714,0.0130202821651814,0.5339136742836416,0.0006538903292462,0.4967355821545158,0.0,1.0,0.0,0.5383782954884827,0.0072938774303731,0.3696120689655172,0.0109363055658321,0.0032327586206896,0.0,0.4444927681035069,0.0068806413229766,0.0064446831364123,0.0,0.0754134880441286,0.0022489434376111,0.0326604420349857,0.0065290960893799,82765.79900723633,3130.5649928942503,140117.68899384365,17195.876649593505,305.624386,2.09355411065114,824.1280196666667,220.81785950081937,,,,,,,,,,,,,,,,,,,,,,,,,,,,,3.695187642612166e+16,
0.75,allenai_task219_rocstories_title_answer_generation,2.999999999999913,0.0,0.0,0.0,2214.0,0.0,0.0,0.0,2214.0,0.0,2214.0,0.0,0.9676849842071532,0.0,0.6808351278305054,0.0,,,,,,,,,,,,,,,,,,,,,32962.535838561336,508.8197691479612,96658.63686597432,915.954472143545,97.34083966666668,2.0630285143061173,817.3678450000001,63.0326120236309,0.0041914749846988,0.0021381222161807,0.0,0.0,0.2140821650348969,0.0216137512187166,0.0201524273645048,0.000446630444112,0.2295810527672586,0.0011721560265918,0.036103009569226,0.0003812835468929,0.0620683618859091,0.0012130450456334,0.0072286714242335,0.0002602760326072,0.2275721555936501,0.0011519494022121,0.0342586468835972,0.0003870591170488,0.2278390597108379,0.0009431756567171,0.034725551184472,0.0004363432485423,0.2246235053655958,0.0013240886317075,0.0801395452802258,0.0011545459290243,1.385603495344256e+16,
0.75,allenai_task288_gigaword_summarization,5.000000000000021,0.0,0.0,0.0,1100.0,0.0,0.0,0.0,1100.0,0.0,1100.0,0.0,2.798332929611206,0.0,1.3149850368499756,0.0,,,,,,,,,,,,,,,,,,,,,14371.73168636,221.91582047711088,36129.93389562433,1444.5990289389551,43.556511,0.5525729215455032,298.128596,16.191962864524697,0.0408501111139755,0.001170836180069,0.001616838002404,0.0005371875217211,1.3307307145293936,0.0241487179881148,0.1714730957025935,0.0062863024095166,0.2066143867903355,0.002001906499046,0.0951635918419146,0.0049433756878562,0.0636346983969083,0.0004212858485035,0.0220729394148321,0.0014345238635328,0.1864488335749817,0.0017593539948604,0.0827956582784645,0.0034065378035191,0.186080606081696,0.0018051301073405,0.083299340459743,0.003213784875435,0.2163062306463024,0.0047509459790694,0.1533205322174134,0.006585958359326,5726977366660032.0,
0.75,alpaca_mmlu,0.9999999999999222,0.0,0.0,0.0,6376.0,0.0,0.0,0.0,6376.0,0.0,6376.0,0.0,1.3554601271947224,0.0016353685220849,1.3554601271947224,0.0016353685220849,,,,,,,,,,,,,,,,,,,,,256753.9485393317,13398.895648132744,542364.3785906626,32902.0410960091,906.260633,2.6461930633448376,2848.979212,295.935991098358,0.1082222003772034,0.0014238474205786,0.0545137897235951,0.0006519450785266,2.1793065234442888,0.0382218686250726,1.508858023476284,0.003202775915716,0.337897954276902,0.0018065653914397,0.284215778583613,0.0017914846856172,0.1466343923586724,0.0012349635722804,0.1076760323482677,0.0018472442210929,0.2636742174937049,0.0013708563695156,0.2093989937073733,0.0012929063492607,0.2828249194253821,0.001373614209544,0.2341398396201671,0.0015091684061032,0.3254556515373552,0.0034141890773817,0.2889036870513753,0.0024216404326951,5.968373723008566e+16,
0.75,arc_challenge,7.999999999999974,0.0,0.0,0.0,560.0,0.0,0.0,0.0,560.0,0.0,560.0,0.0,0.4574267864227295,0.0,0.2239712178707122,0.0,0.3043478260869565,0.0,0.1872909698996655,0.0,,,,,,,,,,,,,,,,,13517.893211003668,160.95529399030522,22337.550823232003,857.264503657159,49.776288666666666,0.0624464541863236,153.94283,11.307525067999684,,,,,,,,,,,,,,,,,,,,,,,,,,,,,6341207341664000.0,
0.75,arc_easy,1.000000000000001,0.0,0.0,0.0,141.0,0.0,0.0,0.0,141.0,0.0,141.0,0.0,0.4537647664546966,0.0,0.4537647664546966,0.0,0.356140350877193,0.0,0.2473684210526315,0.0,,,,,,,,,,,,,,,,,3005.9000865190005,76.70904367458037,5648.022291845333,222.79774621278523,11.318454,0.0333187731816964,41.47251,3.650648638618944,,,,,,,,,,,,,,,,,,,,,,,,,,,,,1428107449981344.0,
0.75,boolq,2.999999999999861,0.0,0.0,0.0,3537.0,0.0,0.0,0.0,3537.0,0.0,3537.0,0.0,0.2049486190080642,0.0085950524416731,0.0184222282841801,0.0025371120976706,0.8022426095820592,0.0008886644125464,0.6186544342507645,0.0,0.876516786472744,0.0007418196913465,0.6243670886075949,0.0,0.970486965076242,0.0,0.7688145597638957,0.0002839893109639,0.8330747286827026,0.0007945046935021,0.7598690544964376,0.0,0.596364798120299,0.0017637201492793,0.0293381270235792,0.0,91904.06566206733,2531.371128480243,166409.86686520666,15623.506809207292,350.38960633333335,0.3050706099197032,1161.8056166666668,192.35404024092105,,,,,,,,,,,,,,,,,,,,,,,,,,,,,4.339625437165536e+16,
0.75,glue_cola,3.0000000000000324,0.0,0.0,0.0,1605.0,0.0,0.0,0.0,,,,,0.168141022324562,0.0,0.093801200389862,0.0,0.8446788111217641,0.0,0.6001917545541706,0.0,0.8489388264669163,0.0,0.6849148418491483,0.0,1.0,0.0,0.7808599167822469,0.0,0.8935611038107755,0.0,0.729747245625405,0.0,0.6209103735772308,0.0,-0.0265526507918896,0.0,29578.556961098668,545.9959386713763,53897.721925657,1079.6469072897896,95.95203333333336,1.1292626241972183,216.82896666666667,12.982778987786022,,,,,,,,,,,,,,,,,,,,,,,,,,,,,5744853463103072.0,
0.75,glue_mnli_matched,0.9999999999997308,0.0,0.0,0.0,24544.0,0.0,0.0,0.0,,,,,0.0790327514211336,0.0008801733300316,0.0790327514211336,0.0008801733300316,0.8687383256919681,0.0004454025148107,0.3496688741721854,0.0,,,,,,,,,,,,,,,,,1191946.7889331188,28782.0680856205,2194376.1546965707,77327.00140314348,2689.8906956666665,1.572719936161684,7678.750591333333,734.7984989202969,,,,,,,,,,,,,,,,,,,,,,,,,,,,,2.5889296105607747e+17,
0.75,glue_mnli_mismatched,0.9999999999997308,0.0,0.0,0.0,24544.0,0.0,0.0,0.0,,,,,0.0790327514211336,0.0008801733300316,0.0790327514211336,0.0008801733300316,0.8788310279359912,0.0005911172963846,0.3331977217249796,0.0,,,,,,,,,,,,,,,,,1191946.7889331188,28782.068085620474,2194376.1546965707,77327.00140314345,2689.8906956666665,1.5727199361617348,7678.750591333333,734.7984989202971,,,,,,,,,,,,,,,,,,,,,,,,,,,,,2.5889296105607747e+17,
0.75,glue_mrpc,9.99999999999974,0.0,0.0,0.0,2300.0,0.0,0.0,0.0,,,,,0.222979962825775,0.0,0.0075728869996964,0.0,0.7769607843137255,0.0,0.3848039215686274,0.0,0.845360824742268,0.0,0.6111111111111112,0.0,0.989247311827957,0.0,0.2759856630824372,0.0,0.8465430016863408,0.0,0.3802469135802469,0.0,0.4642101175676164,0.0,-0.1045279693589734,0.0,100350.155825686,1670.06125478098,153743.72929806964,2625.668722966779,349.754255,0.4263666897448681,690.6174576666666,27.86952789288549,,,,,,,,,,,,,,,,,,,,,,,,,,,,,2.1452391610255104e+16,
0.75,glue_qnli,1.000000000000267,0.0,0.0,0.0,13093.0,0.0,0.0,0.0,13093.0,0.0,13093.0,0.0,0.0831321403384208,0.0041970864649551,0.0831321403384208,0.0041970864649551,0.8968210385014338,0.0004765543764663,0.4949661358228079,0.0,1.0,0.0,0.9333417953152352,0.0002656842505441,0.8570566219968611,0.0007343670808038,0.0007243752263672,0.0,0.8935738854645198,0.0005206762713189,0.0014477017734346,0.0,0.7965209054552119,0.0009193597283478,0.0189316461535685,0.0,303878.84360798966,10390.562940554257,560785.1610821519,24547.759445647167,1029.414062,2.6557598747108364,2450.3914213333333,278.2480227226108,,,,,,,,,,,,,,,,,,,,,,,,,,,,,6.595504305598734e+16,
0.75,glue_qqp,0.9999999999999862,0.0,0.0,0.0,45481.0,0.0,0.0,0.0,,,,,0.0738645792007445,0.0052802965599475,0.0738645792007445,0.0052802965599475,0.8836095308764119,0.003468904194313,0.5375463764531289,0.0,0.8894125810706922,0.0062158827603638,0.3449397982427595,0.0,0.7813906617400067,0.0179356757083826,0.2848505206583809,0.0,0.8315412240912914,0.0072869686316357,0.312028553556316,0.0,0.7472124940353343,0.0076334137784238,-0.0318303717947929,0.0,732704.8472334811,34617.377805036645,1661853.6121443135,68230.9587094733,2294.3090230000003,9.32520517658172,6739.918106666667,891.6979325634916,,,,,,,,,,,,,,,,,,,,,,,,,,,,,1.6204451881700822e+17,
0.75,glue_rte,10.000000000000243,0.0,0.0,0.0,1560.0,0.0,0.0,0.0,1560.0,0.0,1560.0,0.0,0.2745783627033233,0.0103183303134306,0.0008488424743214,0.0004150544375168,0.779783393501805,0.0055145315222091,0.5270758122743683,0.0,0.7807721836037782,0.0134718883378729,0.0,0.0,0.900763358778626,0.0425020180368703,0.0,0.0,0.7735333125292557,0.0030016689474902,0.0,0.0,0.5635259492158097,0.0057424735370008,0.0,0.0,120502.197584341,2656.216371165647,180530.94726177733,6113.0497289274845,419.66467,0.987202393176976,833.3157346666667,53.10032186984535,,,,,,,,,,,,,,,,,,,,,,,,,,,,,2.744978869305613e+16,
0.75,glue_sst2,0.9999999999999372,0.0,0.0,0.0,4210.0,0.0,0.0,0.0,,,,,0.0144108952954411,0.0,0.0144108952954411,0.0,0.9495412844036696,0.0,0.6032110091743119,0.0,0.9464285714285716,0.0,0.5698005698005698,0.0,0.954954954954955,0.0,0.9009009009009008,0.0,0.9506726457399104,0.0,0.6980802792321118,0.0,0.8990694544281603,0.0,0.2464381688891662,0.0,108616.842649725,1480.9473157903578,183415.69323230663,3922.580297698568,365.32234,1.2870206708390584,796.9134816666666,50.628697114537445,,,,,,,,,,,,,,,,,,,,,,,,,,,,,2.3711835682388016e+16,
0.75,hellaswag,2.999999999999721,0.0,0.0,0.0,14967.0,0.0,0.0,0.0,14967.0,0.0,14967.0,0.0,0.0974168653289476,0.0033304923001392,0.0003086504148086,5.575365183079424e-05,0.8374825731925911,0.000554447755709,0.2534355706034654,0.0,,,,,,,,,,,,,,,,,473962.5444642664,8410.118823469174,848574.3410526039,34081.55149702359,1502.8472849999998,3.756689872757566,5726.4409185,699.9756595000006,,,,,,,,,,,,,,,,,,,,,,,,,,,,,1.6978835468983923e+17,
0.75,piqa,3.000000000000148,0.0,0.0,0.0,6045.0,0.0,0.0,0.0,6045.0,0.0,6045.0,0.0,0.2311012049516041,0.0047199642906476,0.0632506435116131,0.0232197173156758,0.7517228871962277,0.0015810297219951,0.4967355821545158,0.0,1.0,0.0,0.5121111487197021,0.0012591749487925,0.757183908045977,0.0042348513371234,0.0032327586206896,0.0,0.7548718093150139,0.0018070103810806,0.0064446831364123,0.0,0.5034104656795438,0.0031570064118039,0.0047129922154305,0.0007334102897635,98419.83710904368,3191.698004699212,179598.40102871566,23362.273638057184,363.96285200000005,5.123731878315494,1202.1217813333333,309.3117512461121,,,,,,,,,,,,,,,,,,,,,,,,,,,,,4.41761968572537e+16,
