forward_joules,forward_time,forward_flops,forward_backward_optimizer_joules,forward_backward_optimizer_time,forward_backward_optimizer_flops,forward_backward_joules,forward_backward_time,forward_backward_flops,num_trainable_parameters,model_name,input_length,batch_size,rank,rep
2367.51333,6.533,10124823615488,7952.15626,22.584,30374901053440,7184.17785,19.361,30374901053440,1235814400,meta-llama/Llama-3.2-1B,256,16,-1,0
3557.39728,10.222,16037785622528,10125.83874,27.768,37881989552128,8678.36682,25.862,37881989552128,721420288,meta-llama/Llama-3.2-1B,256,16,1024,0
3082.57465,8.946,13082848122880,8172.71244,23.14,29042946856960,7442.97745,22.2,29042946856960,360710144,meta-llama/Llama-3.2-1B,256,16,512,0
2918.69934,8.418,11605379373056,7241.69544,20.853,24623425509376,6787.20209,20.416,24623425509376,180355072,meta-llama/Llama-3.2-1B,256,16,256,0
2822.57752,8.292,10866644998144,6876.80423,20.137,22413664835584,6587.21038,19.857,22413664835584,90177536,meta-llama/Llama-3.2-1B,256,16,128,0
2764.41721,8.134,10497277810688,6667.82255,19.605,21308784498688,6526.42929,19.486,21308784498688,45088768,meta-llama/Llama-3.2-1B,256,16,64,0
2756.67197,8.047,10312594216960,6572.94024,19.389,20756344330240,6377.55747,19.264,20756344330240,22544384,meta-llama/Llama-3.2-1B,256,16,32,0
2768.5517,8.059,10220252420096,6552.81864,19.597,20480124246016,6446.91908,19.466,20480124246016,11272192,meta-llama/Llama-3.2-1B,256,16,16,0
2761.89534,8.045,10174081521664,6589.02838,19.471,20342014203904,6386.16914,19.384,20342014203904,5636096,meta-llama/Llama-3.2-1B,256,16,8,0
2796.78571,8.208,10150996072448,6632.47673,19.835,20272959182848,6477.15971,19.779,20272959182848,2818048,meta-llama/Llama-3.2-1B,256,16,4,0
2768.5848,8.186,10139453347840,6595.15652,19.799,20238431672320,6470.46683,19.775,20238431672320,1409024,meta-llama/Llama-3.2-1B,256,16,2,0
2769.83114,8.026,10133681985536,6524.88548,19.117,20221167917056,6369.21362,19.084,20221167917056,704512,meta-llama/Llama-3.2-1B,256,16,1,0
1804.68202,4.899,7593617740800,6180.9889,17.933,22781241486336,5410.11185,14.713,22781241486336,1235814400,meta-llama/Llama-3.2-1B,256,12,-1,0
2623.27721,7.349,12028339246080,7504.61408,20.911,28411492193280,6393.24212,18.974,28411492193280,721420288,meta-llama/Llama-3.2-1B,256,12,1024,0
2326.47785,6.632,9812136121344,6049.75944,17.503,21782210171904,5525.60147,16.511,21782210171904,360710144,meta-llama/Llama-3.2-1B,256,12,512,0
2178.83574,6.342,8704034558976,5370.06759,15.788,18467569161216,5065.25468,15.31,18467569161216,180355072,meta-llama/Llama-3.2-1B,256,12,256,0
2106.59037,6.236,8149983777792,5066.72117,15.164,16810248655872,4821.28574,14.913,16810248655872,90177536,meta-llama/Llama-3.2-1B,256,12,128,0
2085.95529,6.118,7872958387200,4907.14195,14.802,15981588403200,4713.13444,14.671,15981588403200,45088768,meta-llama/Llama-3.2-1B,256,12,64,0
2083.35035,6.059,7734445691904,4832.43961,14.591,15567258276864,4609.12016,14.485,15567258276864,22544384,meta-llama/Llama-3.2-1B,256,12,32,0
2053.22952,6.076,7665189344256,4849.31611,14.838,15360093213696,4716.46857,14.747,15360093213696,11272192,meta-llama/Llama-3.2-1B,256,12,16,0
2047.12505,6.075,7630561170432,4831.92802,14.731,15256510682112,4706.02207,14.597,15256510682112,5636096,meta-llama/Llama-3.2-1B,256,12,8,0
2067.96425,6.135,7613247083520,4865.30672,14.846,15204719416320,4735.67988,14.772,15204719416320,2818048,meta-llama/Llama-3.2-1B,256,12,4,0
2059.89787,6.142,7604590040064,4844.95626,14.837,15178823783424,4747.86656,14.816,15178823783424,1409024,meta-llama/Llama-3.2-1B,256,12,2,0
2008.55192,6.041,7600261518336,4753.74296,14.394,15165875966976,4699.79743,14.383,15165875966976,704512,meta-llama/Llama-3.2-1B,256,12,1,0
1207.46382,3.399,5062411866112,4473.13828,13.703,15187581919232,3710.73069,10.5,15187581919232,1235814400,meta-llama/Llama-3.2-1B,256,8,-1,0
1727.16864,5.349,8018892869632,5128.84315,15.683,18940994834432,4284.45396,13.715,18940994834432,721420288,meta-llama/Llama-3.2-1B,256,8,1024,0
1546.15203,4.74,6541424119808,4160.51509,12.883,14521473486848,3705.75971,11.87,14521473486848,360710144,meta-llama/Llama-3.2-1B,256,8,512,0
1459.3736,4.457,5802689744896,3611.02172,11.374,12311712813056,3379.46023,10.859,12311712813056,180355072,meta-llama/Llama-3.2-1B,256,8,256,0
1397.90075,4.374,5433322557440,3348.38689,10.819,11206832476160,3248.65745,10.553,11206832476160,90177536,meta-llama/Llama-3.2-1B,256,8,128,0
1371.50195,4.295,5248638963712,3264.03544,10.464,10654392307712,3156.81086,10.331,10654392307712,45088768,meta-llama/Llama-3.2-1B,256,8,64,0
1370.03453,4.263,5156297166848,3188.94496,10.361,10378172223488,3124.35781,10.253,10378172223488,22544384,meta-llama/Llama-3.2-1B,256,8,32,0
1354.89772,4.264,5110126268416,3224.50571,10.471,10240062181376,3133.24807,10.346,10240062181376,11272192,meta-llama/Llama-3.2-1B,256,8,16,0
1355.65598,4.275,5087040819200,3185.36601,10.381,10171007160320,3129.3949,10.304,10171007160320,5636096,meta-llama/Llama-3.2-1B,256,8,8,0
1354.70298,4.315,5075498094592,3220.80575,10.576,10136479649792,3178.73832,10.491,10136479649792,2818048,meta-llama/Llama-3.2-1B,256,8,4,0
1359.59576,4.316,5069726732288,3216.70163,10.528,10119215894528,3169.43608,10.449,10119215894528,1409024,meta-llama/Llama-3.2-1B,256,8,2,0
1376.0308,4.223,5066841051136,3173.81795,10.168,10110584016896,3101.63327,10.09,10110584016896,704512,meta-llama/Llama-3.2-1B,256,8,1,0
598.62875,1.925,2531205991424,2784.66797,10.431,7593922352128,2043.31105,7.15,7593922352128,1235814400,meta-llama/Llama-3.2-1B,256,4,-1,0
892.88698,2.956,4009446493184,2987.97996,10.833,9470497475584,2236.40608,8.034,9470497475584,721420288,meta-llama/Llama-3.2-1B,256,4,1024,0
778.85383,2.625,3270712118272,2381.75369,9.919,7260736801792,2009.88644,8.177,7260736801792,360710144,meta-llama/Llama-3.2-1B,256,4,512,0
743.14029,2.522,2901344930816,2075.51915,9.575,6155856464896,1860.73899,7.819,6155856464896,180355072,meta-llama/Llama-3.2-1B,256,4,256,0
706.03018,2.474,2716661337088,1953.77505,9.571,5603416296448,1814.56237,8.263,5603416296448,90177536,meta-llama/Llama-3.2-1B,256,4,128,0
690.20678,2.55,2624319540224,1917.23093,9.766,5327196212224,1778.32232,8.244,5327196212224,45088768,meta-llama/Llama-3.2-1B,256,4,64,0
701.31601,2.523,2578148641792,1917.76754,9.778,5189086170112,1725.99747,7.861,5189086170112,22544384,meta-llama/Llama-3.2-1B,256,4,32,0
697.27156,2.486,2555063192576,1913.9755,9.643,5120031149056,1800.75211,8.447,5120031149056,11272192,meta-llama/Llama-3.2-1B,256,4,16,0
684.49774,2.476,2543520467968,1869.84598,9.712,5085503638528,1780.14583,8.278,5085503638528,5636096,meta-llama/Llama-3.2-1B,256,4,8,0
709.5106,2.545,2537749105664,1895.18758,9.863,5068239883264,1816.37454,8.397,5068239883264,2818048,meta-llama/Llama-3.2-1B,256,4,4,0
703.96723,2.535,2534863424512,1902.05598,9.892,5059608005632,1825.58443,8.424,5059608005632,1409024,meta-llama/Llama-3.2-1B,256,4,2,0
685.55374,2.427,2533420583936,1875.03628,9.569,5055292066816,1749.93956,8.185,5055292066816,704512,meta-llama/Llama-3.2-1B,256,4,1,0
777.35457,2.649,2904350011392,2939.64543,9.048,8712690439168,2430.4615,8.125,8712690439168,355412057,FacebookAI/roberta-large,256,16,-1,0
1095.44889,3.862,4554422759424,3015.96149,9.876,10705965166592,2640.45387,9.191,10705965166592,201326592,FacebookAI/roberta-large,256,16,1024,0
966.87794,3.434,3729789038592,2617.49379,8.978,8244948905984,2373.46494,8.449,8244948905984,100663296,FacebookAI/roberta-large,256,16,512,0
913.82638,3.218,3317472178176,2307.79019,8.542,7014440775680,2146.21978,8.195,7014440775680,50331648,FacebookAI/roberta-large,256,16,256,0
885.67804,3.154,3111313747968,2190.96159,8.359,6399186710528,2152.41373,8.123,6399186710528,25165824,FacebookAI/roberta-large,256,16,128,0
876.38807,3.086,3008234532864,2131.66217,8.36,6091559677952,2075.57826,8.136,6091559677952,12582912,FacebookAI/roberta-large,256,16,64,0
862.37919,3.047,2956694925312,2121.37187,8.264,5937746161664,2000.38116,7.308,5937746161664,6291456,FacebookAI/roberta-large,256,16,32,0
877.58264,3.051,2930925121536,2130.65714,8.282,5860839403520,2052.68484,7.768,5860839403520,3145728,FacebookAI/roberta-large,256,16,16,0
871.65547,3.061,2918040219648,2096.18121,8.293,5822386024448,2033.40752,7.717,5822386024448,1572864,FacebookAI/roberta-large,256,16,8,0
877.97338,3.094,2911597768704,2112.89052,8.263,5803159334912,2058.94634,7.789,5803159334912,786432,FacebookAI/roberta-large,256,16,4,0
876.10225,3.085,2908376543232,2097.10533,8.361,5793545990144,2056.13467,7.785,5793545990144,393216,FacebookAI/roberta-large,256,16,2,0
888.67604,3.001,2906765930496,2092.8548,8.057,5788739317760,2038.75818,8.049,5788739317760,196608,FacebookAI/roberta-large,256,16,1,0
563.37046,1.804,2178262508544,2146.47908,9.24,6534530697216,1839.00228,6.693,6534530697216,355412057,FacebookAI/roberta-large,256,12,-1,0
783.30929,2.483,3415817069568,2288.0995,8.007,8029473874944,2042.72045,8.266,8029473874944,201326592,FacebookAI/roberta-large,256,12,1024,0
701.20203,2.333,2797341778944,2003.09322,8.186,6183711679488,1885.60874,8.353,6183711679488,100663296,FacebookAI/roberta-large,256,12,512,0
671.39209,2.344,2488104133632,1866.33687,8.214,5260830581760,1804.94833,8.448,5260830581760,50331648,FacebookAI/roberta-large,256,12,256,0
661.04513,2.346,2333485310976,1714.2769,7.649,4799390032896,1733.67237,8.012,4799390032896,25165824,FacebookAI/roberta-large,256,12,128,0
654.81459,2.323,2256175899648,1688.54243,7.765,4568669758464,1600.05601,6.715,4568669758464,12582912,FacebookAI/roberta-large,256,12,64,0
646.13025,2.316,2217521193984,1688.66321,7.87,4453309621248,1605.45074,7.487,4453309621248,6291456,FacebookAI/roberta-large,256,12,32,0
635.89676,2.327,2198193841152,1669.81491,7.924,4395629552640,1591.77665,8.2,4395629552640,3145728,FacebookAI/roberta-large,256,12,16,0
653.8639,2.352,2188530164736,1708.28202,8.084,4366789518336,1668.12551,7.705,4366789518336,1572864,FacebookAI/roberta-large,256,12,8,0
653.62539,2.431,2183698326528,1713.71857,8.192,4352369501184,1637.65511,7.682,4352369501184,786432,FacebookAI/roberta-large,256,12,4,0
649.59057,2.469,2181282407424,1706.57717,8.185,4345159492608,1615.94799,7.34,4345159492608,393216,FacebookAI/roberta-large,256,12,2,0
641.26082,2.361,2180074447872,1658.01874,7.886,4341554488320,1707.72825,8.095,4341554488320,196608,FacebookAI/roberta-large,256,12,1,0
375.10893,1.431,1452175005696,1492.72446,5.857,4356370955264,1301.39813,5.493,4356370955264,355412057,FacebookAI/roberta-large,256,8,-1,0
538.25851,2.116,2277211379712,1739.05528,7.978,5352982583296,1481.40887,6.983,5352982583296,201326592,FacebookAI/roberta-large,256,8,1024,0
501.92645,2.132,1864894519296,1496.17942,7.544,4122474452992,1371.14994,8.273,4122474452992,100663296,FacebookAI/roberta-large,256,8,512,0
480.52588,2.107,1658736089088,1386.69677,7.882,3507220387840,1377.90484,8.227,3507220387840,50331648,FacebookAI/roberta-large,256,8,256,0
470.07981,2.132,1555656873984,1352.12194,7.75,3199593355264,1361.79828,8.162,3199593355264,25165824,FacebookAI/roberta-large,256,8,128,0
463.99517,2.159,1504117266432,1308.59967,7.766,3045779838976,1203.06383,6.73,3045779838976,12582912,FacebookAI/roberta-large,256,8,64,0
462.39986,2.14,1478347462656,1351.35601,8.041,2968873080832,1247.77907,7.155,2968873080832,6291456,FacebookAI/roberta-large,256,8,32,0
451.96393,2.102,1465462560768,1331.43509,7.829,2930419701760,1263.73618,7.164,2930419701760,3145728,FacebookAI/roberta-large,256,8,16,0
459.39317,2.141,1459020109824,1304.19728,7.94,2911193012224,1404.86404,8.541,2911193012224,1572864,FacebookAI/roberta-large,256,8,8,0
465.62503,2.219,1455798884352,1318.05044,8.051,2901579667456,1274.46898,7.593,2901579667456,786432,FacebookAI/roberta-large,256,8,4,0
454.99033,2.2,1454188271616,1312.08895,7.998,2896772995072,1266.63147,7.345,2896772995072,393216,FacebookAI/roberta-large,256,8,2,0
458.22063,2.128,1453382965248,1289.71661,7.567,2894369658880,1276.88814,7.337,2894369658880,196608,FacebookAI/roberta-large,256,8,1,0
225.05789,1.204,726087502848,1216.27112,8.325,2178211213312,791.52507,4.582,2178211213312,355412057,FacebookAI/roberta-large,256,4,-1,0
334.03362,1.981,1138605689856,1185.34945,7.904,2676491291648,980.05112,8.717,2676491291648,201326592,FacebookAI/roberta-large,256,4,1024,0
315.16841,1.988,932447259648,1075.26188,7.857,2061237226496,846.91816,8.626,2061237226496,100663296,FacebookAI/roberta-large,256,4,512,0
306.04773,1.967,829368044544,908.69705,7.896,1753610193920,881.32314,7.34,1753610193920,50331648,FacebookAI/roberta-large,256,4,256,0
306.56678,2.009,777828436992,785.24198,7.845,1599796677632,832.13703,6.375,1599796677632,25165824,FacebookAI/roberta-large,256,4,128,0
296.03623,1.962,752058633216,776.41995,8.023,1522889919488,847.74807,8.212,1522889919488,12582912,FacebookAI/roberta-large,256,4,64,0
297.55138,2.009,739173731328,772.3703,7.892,1484436540416,799.46375,7.679,1484436540416,6291456,FacebookAI/roberta-large,256,4,32,0
304.06824,2.03,732731280384,768.00507,7.348,1465209850880,840.45057,7.84,1465209850880,3145728,FacebookAI/roberta-large,256,4,16,0
296.49543,1.949,729510054912,747.54642,7.749,1455596506112,827.23414,7.268,1455596506112,1572864,FacebookAI/roberta-large,256,4,8,0
304.80983,2.068,727899442176,742.11094,8.02,1450789833728,818.78132,8.388,1450789833728,786432,FacebookAI/roberta-large,256,4,4,0
300.33897,2.036,727094135808,790.21719,7.976,1448386497536,773.43243,8.08,1448386497536,393216,FacebookAI/roberta-large,256,4,2,0
290.19684,1.957,726691482624,712.61469,7.858,1447184829440,801.4022,6.131,1447184829440,196608,FacebookAI/roberta-large,256,4,1,0
2373.95849,6.526,,7938.20993,22.567,,7156.54087,19.374,,1235814400,meta-llama/Llama-3.2-1B,256,16,-1,1
3567.05927,10.225,,10054.36791,27.733,,8670.9365,25.861,,721420288,meta-llama/Llama-3.2-1B,256,16,1024,1
3115.22007,8.93,,8184.05154,23.101,,7474.42473,22.17,,360710144,meta-llama/Llama-3.2-1B,256,16,512,1
2914.97387,8.437,,7272.01048,20.878,,6863.43527,20.356,,180355072,meta-llama/Llama-3.2-1B,256,16,256,1
2840.98893,8.289,,6884.6667,20.098,,6631.24255,19.82,,90177536,meta-llama/Llama-3.2-1B,256,16,128,1
2793.861,8.127,,6690.53138,19.612,,6465.83757,19.43,,45088768,meta-llama/Llama-3.2-1B,256,16,64,1
2753.11425,8.041,,6572.04488,19.366,,6399.25052,19.261,,22544384,meta-llama/Llama-3.2-1B,256,16,32,1
2762.46162,8.054,,6556.97334,19.599,,6436.66686,19.5,,11272192,meta-llama/Llama-3.2-1B,256,16,16,1
2757.56114,8.07,,6589.11987,19.478,,6398.38716,19.391,,5636096,meta-llama/Llama-3.2-1B,256,16,8,1
2796.49748,8.21,,6604.44998,19.826,,6463.72748,19.753,,2818048,meta-llama/Llama-3.2-1B,256,16,4,1
2795.77629,8.198,,6648.82661,19.766,,6466.11921,19.748,,1409024,meta-llama/Llama-3.2-1B,256,16,2,1
2755.87086,8.033,,6501.16101,19.138,,6385.05592,19.112,,704512,meta-llama/Llama-3.2-1B,256,16,1,1
1756.94904,4.881,,6236.25482,17.925,,5454.73061,14.75,,1235814400,meta-llama/Llama-3.2-1B,256,12,-1,1
2619.83632,7.341,,7496.51806,20.873,,6363.87278,18.937,,721420288,meta-llama/Llama-3.2-1B,256,12,1024,1
2327.11801,6.638,,6119.41038,17.486,,5497.46618,16.536,,360710144,meta-llama/Llama-3.2-1B,256,12,512,1
2179.31754,6.337,,5391.21323,15.761,,5110.6909,15.329,,180355072,meta-llama/Llama-3.2-1B,256,12,256,1
2109.79508,6.257,,5034.93139,15.152,,4852.20501,14.922,,90177536,meta-llama/Llama-3.2-1B,256,12,128,1
2075.2551,6.126,,4924.84171,14.768,,4767.57128,14.644,,45088768,meta-llama/Llama-3.2-1B,256,12,64,1
2029.44029,6.063,,4829.68314,14.574,,4725.12264,14.524,,22544384,meta-llama/Llama-3.2-1B,256,12,32,1
2042.84768,6.072,,4879.06458,14.798,,4766.24387,14.741,,11272192,meta-llama/Llama-3.2-1B,256,12,16,1
2051.22555,6.066,,4804.7842,14.655,,4735.81372,14.628,,5636096,meta-llama/Llama-3.2-1B,256,12,8,1
2078.29754,6.137,,4867.32404,14.834,,4789.71818,14.84,,2818048,meta-llama/Llama-3.2-1B,256,12,4,1
2062.38338,6.146,,4851.18465,14.841,,4777.17327,14.806,,1409024,meta-llama/Llama-3.2-1B,256,12,2,1
2064.11568,6.038,,4740.45341,14.378,,4717.61891,14.405,,704512,meta-llama/Llama-3.2-1B,256,12,1,1
1201.12097,3.412,,4472.48811,13.725,,3722.2723,10.504,,1235814400,meta-llama/Llama-3.2-1B,256,8,-1,1
1742.25889,5.351,,5198.75577,15.653,,4315.11867,13.724,,721420288,meta-llama/Llama-3.2-1B,256,8,1024,1
1545.27588,4.737,,4127.39725,12.847,,3707.18199,11.889,,360710144,meta-llama/Llama-3.2-1B,256,8,512,1
1446.19505,4.47,,3611.97565,11.374,,3330.34931,10.85,,180355072,meta-llama/Llama-3.2-1B,256,8,256,1
1402.10134,4.382,,3381.1818,10.787,,3206.02486,10.523,,90177536,meta-llama/Llama-3.2-1B,256,8,128,1
1375.5802,4.304,,3235.42139,10.451,,3171.06616,10.346,,45088768,meta-llama/Llama-3.2-1B,256,8,64,1
1357.55775,4.272,,3178.62287,10.3,,3097.09638,10.218,,22544384,meta-llama/Llama-3.2-1B,256,8,32,1
1367.55406,4.27,,3212.97979,10.453,,3138.28308,10.353,,11272192,meta-llama/Llama-3.2-1B,256,8,16,1
1362.75446,4.272,,3195.07922,10.356,,3094.52241,10.266,,5636096,meta-llama/Llama-3.2-1B,256,8,8,1
1349.35161,4.297,,3192.08601,10.497,,3143.13447,10.471,,2818048,meta-llama/Llama-3.2-1B,256,8,4,1
1371.15922,4.311,,3223.82113,10.51,,3148.41109,10.451,,1409024,meta-llama/Llama-3.2-1B,256,8,2,1
1367.70928,4.213,,3172.87227,10.098,,3100.00522,10.076,,704512,meta-llama/Llama-3.2-1B,256,8,1,1
609.11904,1.891,,2724.37462,9.701,,2045.77751,7.018,,1235814400,meta-llama/Llama-3.2-1B,256,4,-1,1
895.55442,2.957,,2903.07094,9.831,,2229.04813,8.013,,721420288,meta-llama/Llama-3.2-1B,256,4,1024,1
794.60959,2.632,,2250.36975,8.073,,2018.64555,8.097,,360710144,meta-llama/Llama-3.2-1B,256,4,512,1
739.3417,2.522,,1986.85156,8.072,,1838.73376,8.074,,180355072,meta-llama/Llama-3.2-1B,256,4,256,1
713.63462,2.467,,1824.73106,7.999,,1774.3583,7.963,,90177536,meta-llama/Llama-3.2-1B,256,4,128,1
701.18539,2.489,,1802.58035,8.07,,1722.1391,7.474,,45088768,meta-llama/Llama-3.2-1B,256,4,64,1
688.50693,2.499,,1759.36894,8.054,,1740.73658,7.771,,22544384,meta-llama/Llama-3.2-1B,256,4,32,1
695.39874,2.494,,1748.40123,7.782,,1748.47328,7.98,,11272192,meta-llama/Llama-3.2-1B,256,4,16,1
686.92282,2.532,,1783.67871,8.169,,1708.69378,7.737,,5636096,meta-llama/Llama-3.2-1B,256,4,8,1
702.53451,2.548,,1788.47727,8.245,,1763.93001,8.189,,2818048,meta-llama/Llama-3.2-1B,256,4,4,1
700.73813,2.54,,1777.64709,8.01,,1735.89299,7.907,,1409024,meta-llama/Llama-3.2-1B,256,4,2,1
689.6076,2.404,,1775.58613,8.001,,1748.6374,8.089,,704512,meta-llama/Llama-3.2-1B,256,4,1,1
785.98081,2.652,,2632.81974,9.036,,2461.18857,8.108,,355412057,FacebookAI/roberta-large,256,16,-1,1
1095.46826,3.862,,3020.44746,9.79,,2703.80538,9.227,,201326592,FacebookAI/roberta-large,256,16,1024,1
981.19307,3.431,,2508.86458,8.366,,2345.63881,8.318,,100663296,FacebookAI/roberta-large,256,16,512,1
920.54885,3.233,,2302.96918,8.488,,2187.67082,8.076,,50331648,FacebookAI/roberta-large,256,16,256,1
886.1991,3.142,,2235.85014,8.419,,2041.6561,7.388,,25165824,FacebookAI/roberta-large,256,16,128,1
876.3504,3.093,,2190.05095,8.492,,2152.15114,8.605,,12582912,FacebookAI/roberta-large,256,16,64,1
857.84593,3.065,,2009.77663,7.217,,2040.38821,7.523,,6291456,FacebookAI/roberta-large,256,16,32,1
878.43375,3.066,,2107.3231,8.575,,2110.27662,8.184,,3145728,FacebookAI/roberta-large,256,16,16,1
873.26416,3.071,,2103.87329,8.651,,2059.3513,7.731,,1572864,FacebookAI/roberta-large,256,16,8,1
884.09789,3.121,,2144.93096,8.597,,2026.49394,7.542,,786432,FacebookAI/roberta-large,256,16,4,1
868.88739,3.08,,2106.86189,8.587,,2064.81676,7.741,,393216,FacebookAI/roberta-large,256,16,2,1
875.27428,2.989,,2080.51914,8.386,,2089.03086,8.392,,196608,FacebookAI/roberta-large,256,16,1,1
564.82952,1.809,,2068.20794,7.672,,1839.10083,6.376,,355412057,FacebookAI/roberta-large,256,12,-1,1
789.39453,2.483,,2298.69465,8.392,,2036.05269,7.907,,201326592,FacebookAI/roberta-large,256,12,1024,1
707.25341,2.352,,1995.18244,8.246,,1783.36035,6.693,,100663296,FacebookAI/roberta-large,256,12,512,1
680.93187,2.359,,1885.34918,8.158,,1811.198,8.29,,50331648,FacebookAI/roberta-large,256,12,256,1
661.97435,2.356,,1769.20357,8.349,,1729.46507,8.392,,25165824,FacebookAI/roberta-large,256,12,128,1
648.65308,2.339,,1739.26151,8.311,,1535.67559,5.91,,12582912,FacebookAI/roberta-large,256,12,64,1
647.095,2.353,,1704.15241,7.981,,1662.85734,8.338,,6291456,FacebookAI/roberta-large,256,12,32,1
639.80094,2.352,,1655.34487,7.559,,1537.87714,6.186,,3145728,FacebookAI/roberta-large,256,12,16,1
642.41747,2.328,,1743.22525,8.542,,1626.05578,7.841,,1572864,FacebookAI/roberta-large,256,12,8,1
649.34487,2.395,,1769.42636,8.414,,1662.13191,7.77,,786432,FacebookAI/roberta-large,256,12,4,1
654.52121,2.422,,1618.5242,7.264,,1629.22111,7.946,,393216,FacebookAI/roberta-large,256,12,2,1
650.45921,2.354,,1553.30159,6.3,,1586.91013,7.098,,196608,FacebookAI/roberta-large,256,12,1,1
382.33645,1.436,,1587.11689,7.26,,1374.75631,6.5,,355412057,FacebookAI/roberta-large,256,8,-1,1
540.72478,2.106,,1763.75492,8.38,,1369.16116,5.556,,201326592,FacebookAI/roberta-large,256,8,1024,1
504.09088,2.136,,1552.42378,8.188,,1337.65516,8.89,,100663296,FacebookAI/roberta-large,256,8,512,1
477.16864,2.14,,1317.98435,6.779,,1546.02169,8.484,,50331648,FacebookAI/roberta-large,256,8,256,1
469.31464,2.141,,1232.48541,6.514,,1170.12761,5.864,,25165824,FacebookAI/roberta-large,256,8,128,1
459.95471,2.137,,1348.97137,8.564,,1225.371,6.793,,12582912,FacebookAI/roberta-large,256,8,64,1
448.74238,2.14,,1390.63931,8.78,,1317.17315,8.127,,6291456,FacebookAI/roberta-large,256,8,32,1
456.02541,2.111,,1278.96172,7.589,,1375.40009,8.939,,3145728,FacebookAI/roberta-large,256,8,16,1
455.62884,2.166,,1199.14476,7.334,,1238.52408,6.938,,1572864,FacebookAI/roberta-large,256,8,8,1
468.4691,2.226,,1374.9594,8.508,,1378.22717,8.843,,786432,FacebookAI/roberta-large,256,8,4,1
461.90663,2.228,,1255.14423,8.887,,1353.88101,8.183,,393216,FacebookAI/roberta-large,256,8,2,1
460.84906,2.122,,1301.85615,8.2,,1240.84065,8.043,,196608,FacebookAI/roberta-large,256,8,1,1
222.86803,1.205,,1118.91434,6.879,,760.41105,4.291,,355412057,FacebookAI/roberta-large,256,4,-1,1
329.66438,1.945,,1145.08872,7.245,,1015.00751,6.979,,201326592,FacebookAI/roberta-large,256,4,1024,1
317.99308,1.932,,1073.45446,8.257,,1003.33899,8.16,,100663296,FacebookAI/roberta-large,256,4,512,1
307.89091,1.968,,856.9122,8.261,,898.03734,7.021,,50331648,FacebookAI/roberta-large,256,4,256,1
294.19932,1.95,,757.98849,8.267,,776.21161,8.675,,25165824,FacebookAI/roberta-large,256,4,128,1
290.44809,1.937,,732.20948,8.285,,853.98463,7.775,,12582912,FacebookAI/roberta-large,256,4,64,1
299.89901,2.03,,769.97288,8.492,,836.47986,5.911,,6291456,FacebookAI/roberta-large,256,4,32,1
300.36492,2.027,,749.98634,8.391,,756.59652,8.545,,3145728,FacebookAI/roberta-large,256,4,16,1
294.59092,1.971,,795.6429,7.484,,812.51839,8.471,,1572864,FacebookAI/roberta-large,256,4,8,1
300.57354,2.038,,776.34691,9.038,,767.8232,8.522,,786432,FacebookAI/roberta-large,256,4,4,1
308.03133,2.069,,833.32221,6.265,,886.62871,7.118,,393216,FacebookAI/roberta-large,256,4,2,1
293.66598,1.971,,715.3027,8.376,,763.47662,9.131,,196608,FacebookAI/roberta-large,256,4,1,1
2376.89299,6.531,,8019.29068,22.562,,7155.31885,19.363,,1235814400,meta-llama/Llama-3.2-1B,256,16,-1,2
3557.47509,10.242,,10036.25323,27.777,,8689.6486,25.91,,721420288,meta-llama/Llama-3.2-1B,256,16,1024,2
3133.41751,8.95,,8117.90492,23.136,,7462.36752,22.185,,360710144,meta-llama/Llama-3.2-1B,256,16,512,2
2914.84566,8.432,,7263.00456,20.873,,6820.49719,20.412,,180355072,meta-llama/Llama-3.2-1B,256,16,256,2
2835.23037,8.285,,6860.65483,20.095,,6581.35265,19.849,,90177536,meta-llama/Llama-3.2-1B,256,16,128,2
2809.44217,8.127,,6617.78328,19.578,,6445.77235,19.484,,45088768,meta-llama/Llama-3.2-1B,256,16,64,2
2771.85695,8.064,,6579.95169,19.412,,6411.70488,19.279,,22544384,meta-llama/Llama-3.2-1B,256,16,32,2
2741.39946,8.046,,6580.92971,19.55,,6466.73172,19.533,,11272192,meta-llama/Llama-3.2-1B,256,16,16,2
2765.26921,8.062,,6599.89077,19.499,,6415.23014,19.413,,5636096,meta-llama/Llama-3.2-1B,256,16,8,2
2786.78195,8.199,,6665.64662,19.821,,6515.85719,19.792,,2818048,meta-llama/Llama-3.2-1B,256,16,4,2
2791.44849,8.199,,6594.74693,19.786,,6463.79825,19.758,,1409024,meta-llama/Llama-3.2-1B,256,16,2,2
2778.96547,8.032,,6522.73552,19.154,,6386.1898,19.126,,704512,meta-llama/Llama-3.2-1B,256,16,1,2
1808.48482,4.91,,6279.67994,17.947,,5453.6898,14.755,,1235814400,meta-llama/Llama-3.2-1B,256,12,-1,2
2627.82542,7.352,,7523.28498,20.899,,6425.64848,18.941,,721420288,meta-llama/Llama-3.2-1B,256,12,1024,2
2342.91723,6.647,,6095.23092,17.527,,5546.37569,16.549,,360710144,meta-llama/Llama-3.2-1B,256,12,512,2
2182.22106,6.355,,5372.60934,15.795,,5122.68821,15.322,,180355072,meta-llama/Llama-3.2-1B,256,12,256,2
2116.86819,6.249,,5107.36256,15.149,,4900.89289,14.91,,90177536,meta-llama/Llama-3.2-1B,256,12,128,2
2074.20176,6.13,,4908.16573,14.814,,4777.82977,14.651,,45088768,meta-llama/Llama-3.2-1B,256,12,64,2
2059.46006,6.062,,4820.00309,14.573,,4668.01213,14.492,,22544384,meta-llama/Llama-3.2-1B,256,12,32,2
2051.5167,6.077,,4819.42565,14.819,,4746.14406,14.757,,11272192,meta-llama/Llama-3.2-1B,256,12,16,2
2052.80306,6.071,,4840.00242,14.694,,4731.88189,14.609,,5636096,meta-llama/Llama-3.2-1B,256,12,8,2
2062.76692,6.146,,4846.44129,14.878,,4817.75052,14.832,,2818048,meta-llama/Llama-3.2-1B,256,12,4,2
2073.43704,6.139,,4831.56638,14.795,,4793.7552,14.836,,1409024,meta-llama/Llama-3.2-1B,256,12,2,2
2014.59541,6.018,,4768.28407,14.369,,4720.90233,14.386,,704512,meta-llama/Llama-3.2-1B,256,12,1,2
1203.95413,3.416,,4451.41738,13.726,,3735.03131,10.517,,1235814400,meta-llama/Llama-3.2-1B,256,8,-1,2
1724.18477,5.35,,5141.51473,15.641,,4305.67766,13.7,,721420288,meta-llama/Llama-3.2-1B,256,8,1024,2
1555.88794,4.761,,4167.55021,12.874,,3706.3923,11.916,,360710144,meta-llama/Llama-3.2-1B,256,8,512,2
1435.87146,4.468,,3603.51879,11.338,,3368.25559,10.902,,180355072,meta-llama/Llama-3.2-1B,256,8,256,2
1403.53117,4.38,,3355.00185,10.757,,3250.52774,10.547,,90177536,meta-llama/Llama-3.2-1B,256,8,128,2
1363.5873,4.307,,3241.27145,10.456,,3107.47944,10.334,,45088768,meta-llama/Llama-3.2-1B,256,8,64,2
1360.02257,4.262,,3197.58495,10.294,,3108.46381,10.26,,22544384,meta-llama/Llama-3.2-1B,256,8,32,2
1365.02756,4.268,,3206.23294,10.468,,3174.27741,10.402,,11272192,meta-llama/Llama-3.2-1B,256,8,16,2
1357.47548,4.264,,3196.96005,10.319,,3144.88801,10.265,,5636096,meta-llama/Llama-3.2-1B,256,8,8,2
1363.51365,4.325,,3230.50217,10.533,,3166.51419,10.454,,2818048,meta-llama/Llama-3.2-1B,256,8,4,2
1369.42846,4.302,,3209.66139,10.471,,3188.31451,10.486,,1409024,meta-llama/Llama-3.2-1B,256,8,2,2
1373.0923,4.225,,3179.11137,10.111,,3102.21978,10.092,,704512,meta-llama/Llama-3.2-1B,256,8,1,2
604.22306,1.896,,2760.89133,9.452,,2035.54646,7.291,,1235814400,meta-llama/Llama-3.2-1B,256,4,-1,2
897.22475,2.948,,2894.01568,9.901,,2228.36253,8.021,,721420288,meta-llama/Llama-3.2-1B,256,4,1024,2
783.76452,2.635,,2252.97485,8.118,,1998.6453,8.095,,360710144,meta-llama/Llama-3.2-1B,256,4,512,2
733.82837,2.509,,1969.7346,8.038,,1867.68009,8.097,,180355072,meta-llama/Llama-3.2-1B,256,4,256,2
710.96154,2.46,,1832.43636,7.937,,1775.15416,8.035,,90177536,meta-llama/Llama-3.2-1B,256,4,128,2
707.11113,2.478,,1804.34906,7.974,,1783.15996,8.053,,45088768,meta-llama/Llama-3.2-1B,256,4,64,2
705.87349,2.489,,1766.91284,8.06,,1762.05211,8.196,,22544384,meta-llama/Llama-3.2-1B,256,4,32,2
681.5552,2.477,,1769.85937,7.972,,1740.64926,8.174,,11272192,meta-llama/Llama-3.2-1B,256,4,16,2
688.85082,2.472,,1775.90341,7.758,,1776.90768,8.004,,5636096,meta-llama/Llama-3.2-1B,256,4,8,2
697.24775,2.488,,1786.778,8.138,,1756.13135,8.307,,2818048,meta-llama/Llama-3.2-1B,256,4,4,2
703.24087,2.534,,1789.73616,8.279,,1786.32409,8.372,,1409024,meta-llama/Llama-3.2-1B,256,4,2,2
689.16395,2.378,,1770.86397,8.016,,1761.92945,8.215,,704512,meta-llama/Llama-3.2-1B,256,4,1,2
790.16616,2.64,,2858.66648,9.022,,2454.60107,8.109,,355412057,FacebookAI/roberta-large,256,16,-1,2
1087.85071,3.863,,3004.09736,9.774,,2668.61508,9.213,,201326592,FacebookAI/roberta-large,256,16,1024,2
980.25994,3.446,,2491.23681,8.292,,2347.67022,8.452,,100663296,FacebookAI/roberta-large,256,16,512,2
919.31431,3.218,,2352.45295,8.433,,2168.96643,8.691,,50331648,FacebookAI/roberta-large,256,16,256,2
892.22158,3.152,,2163.88535,8.105,,2116.67702,8.171,,25165824,FacebookAI/roberta-large,256,16,128,2
879.53415,3.085,,2102.00715,7.764,,2055.81694,7.819,,12582912,FacebookAI/roberta-large,256,16,64,2
869.38802,3.08,,2129.80955,8.124,,2057.45918,7.741,,6291456,FacebookAI/roberta-large,256,16,32,2
857.74379,3.052,,2111.24648,8.257,,2059.63782,7.808,,3145728,FacebookAI/roberta-large,256,16,16,2
867.90153,3.073,,2157.49435,8.468,,2007.66832,7.172,,1572864,FacebookAI/roberta-large,256,16,8,2
879.26467,3.106,,2158.38798,8.489,,2055.62933,7.796,,786432,FacebookAI/roberta-large,256,16,4,2
871.61512,3.097,,2174.11401,8.476,,2110.74795,8.287,,393216,FacebookAI/roberta-large,256,16,2,2
877.76219,2.993,,2075.72153,8.291,,2088.35872,8.54,,196608,FacebookAI/roberta-large,256,16,1,2
563.62445,1.789,,2069.74876,7.375,,1796.4681,6.107,,355412057,FacebookAI/roberta-large,256,12,-1,2
776.11415,2.474,,2253.98799,7.93,,1985.43956,7.202,,201326592,FacebookAI/roberta-large,256,12,1024,2
710.17998,2.338,,1994.47349,8.418,,1847.94261,7.771,,100663296,FacebookAI/roberta-large,256,12,512,2
677.72465,2.348,,1782.27802,6.74,,1790.99697,8.303,,50331648,FacebookAI/roberta-large,256,12,256,2
656.03617,2.313,,1649.08856,6.514,,1614.36425,6.851,,25165824,FacebookAI/roberta-large,256,12,128,2
643.33457,2.369,,1753.00118,8.508,,1693.69026,8.225,,12582912,FacebookAI/roberta-large,256,12,64,2
648.63004,2.338,,1686.36444,8.451,,1685.06164,7.436,,6291456,FacebookAI/roberta-large,256,12,32,2
640.71509,2.358,,1723.18512,8.464,,1825.12317,9.274,,3145728,FacebookAI/roberta-large,256,12,16,2
638.7659,2.353,,1721.27211,8.512,,1691.89478,7.822,,1572864,FacebookAI/roberta-large,256,12,8,2
654.51904,2.391,,1738.51475,8.11,,1552.35909,6.399,,786432,FacebookAI/roberta-large,256,12,4,2
649.44959,2.442,,1748.863,8.74,,1617.30602,7.393,,393216,FacebookAI/roberta-large,256,12,2,2
637.55755,2.338,,1670.65623,8.43,,1699.82837,8.827,,196608,FacebookAI/roberta-large,256,12,1,2
379.0087,1.432,,1558.11703,6.876,,1360.49442,6.378,,355412057,FacebookAI/roberta-large,256,8,-1,2
547.21197,2.142,,1727.7195,8.028,,1438.13426,6.203,,201326592,FacebookAI/roberta-large,256,8,1024,2
502.23403,2.156,,1431.17455,6.922,,1406.83337,8.587,,100663296,FacebookAI/roberta-large,256,8,512,2
478.50954,2.139,,1429.17799,8.417,,1335.69691,7.392,,50331648,FacebookAI/roberta-large,256,8,256,2
468.84731,2.196,,1364.58259,8.29,,1348.40082,8.868,,25165824,FacebookAI/roberta-large,256,8,128,2
453.98729,2.124,,1380.62986,8.669,,1222.19593,6.87,,12582912,FacebookAI/roberta-large,256,8,64,2
458.33235,2.133,,1399.26475,8.617,,1372.38684,8.286,,6291456,FacebookAI/roberta-large,256,8,32,2
459.21531,2.139,,1180.75838,6.077,,1302.66189,8.308,,3145728,FacebookAI/roberta-large,256,8,16,2
455.66787,2.168,,1298.43601,8.085,,1200.15079,6.719,,1572864,FacebookAI/roberta-large,256,8,8,2
463.3928,2.229,,1340.47481,8.408,,1262.01737,7.661,,786432,FacebookAI/roberta-large,256,8,4,2
464.91422,2.246,,1343.5881,8.782,,1143.99479,5.868,,393216,FacebookAI/roberta-large,256,8,2,2
459.68512,2.115,,1309.05335,7.804,,1310.64705,8.809,,196608,FacebookAI/roberta-large,256,8,1,2
220.17567,1.213,,1117.96854,6.92,,783.43335,4.298,,355412057,FacebookAI/roberta-large,256,4,-1,2
337.53887,1.963,,1073.46856,6.087,,1032.47874,8.153,,201326592,FacebookAI/roberta-large,256,4,1024,2
319.34204,2.008,,1009.32156,8.348,,888.15551,8.495,,100663296,FacebookAI/roberta-large,256,4,512,2
309.0772,2.017,,839.94197,8.363,,851.97896,9.124,,50331648,FacebookAI/roberta-large,256,4,256,2
299.53679,1.975,,772.7984,8.305,,742.24656,8.668,,25165824,FacebookAI/roberta-large,256,4,128,2
295.92219,1.947,,757.99131,8.454,,793.28554,6.077,,12582912,FacebookAI/roberta-large,256,4,64,2
303.96602,2.013,,751.23771,8.531,,800.66069,7.78,,6291456,FacebookAI/roberta-large,256,4,32,2
301.21727,2.009,,801.1605,7.78,,771.96223,8.844,,3145728,FacebookAI/roberta-large,256,4,16,2
291.45217,1.968,,807.25801,6.463,,743.86414,8.959,,1572864,FacebookAI/roberta-large,256,4,8,2
306.25673,2.061,,779.47849,8.599,,786.84174,8.228,,786432,FacebookAI/roberta-large,256,4,4,2
307.87293,2.054,,764.4081,8.698,,868.99995,6.77,,393216,FacebookAI/roberta-large,256,4,2,2
292.84818,1.985,,725.66983,8.314,,740.32304,8.865,,196608,FacebookAI/roberta-large,256,4,1,2
2372.54,6.533,,7958.74275,22.548,,7188.01177,19.378,,1235814400,meta-llama/Llama-3.2-1B,256,16,-1,3
3569.47539,10.233,,10022.87388,27.737,,8725.40471,25.858,,721420288,meta-llama/Llama-3.2-1B,256,16,1024,3
3129.70965,8.946,,8276.78521,23.11,,7484.95444,22.158,,360710144,meta-llama/Llama-3.2-1B,256,16,512,3
2927.01514,8.421,,7303.92586,20.847,,7064.46529,20.39,,180355072,meta-llama/Llama-3.2-1B,256,16,256,3
2843.85435,8.299,,6847.01456,20.12,,6646.81375,19.882,,90177536,meta-llama/Llama-3.2-1B,256,16,128,3
2777.38473,8.14,,6690.71473,19.609,,6465.28443,19.439,,45088768,meta-llama/Llama-3.2-1B,256,16,64,3
2790.03145,8.058,,6563.49467,19.412,,6384.08801,19.312,,22544384,meta-llama/Llama-3.2-1B,256,16,32,3
2764.90306,8.055,,6627.68797,19.587,,6424.13918,19.508,,11272192,meta-llama/Llama-3.2-1B,256,16,16,3
2769.05258,8.049,,6567.0868,19.473,,6438.33985,19.403,,5636096,meta-llama/Llama-3.2-1B,256,16,8,3
2774.65884,8.183,,6630.79009,19.781,,6528.37399,19.758,,2818048,meta-llama/Llama-3.2-1B,256,16,4,3
2778.75111,8.188,,6618.80229,19.747,,6481.20334,19.765,,1409024,meta-llama/Llama-3.2-1B,256,16,2,3
2771.99748,8.021,,6541.99434,19.124,,6413.20004,19.097,,704512,meta-llama/Llama-3.2-1B,256,16,1,3
1809.06153,4.912,,6218.00806,17.935,,5481.53991,14.753,,1235814400,meta-llama/Llama-3.2-1B,256,12,-1,3
2630.08391,7.344,,7487.98173,20.869,,6364.45955,18.924,,721420288,meta-llama/Llama-3.2-1B,256,12,1024,3
2318.56151,6.64,,6087.11776,17.474,,5530.73403,16.551,,360710144,meta-llama/Llama-3.2-1B,256,12,512,3
2164.21168,6.353,,5398.55146,15.787,,5098.75389,15.316,,180355072,meta-llama/Llama-3.2-1B,256,12,256,3
2119.99501,6.261,,5054.89011,15.171,,4903.53717,14.888,,90177536,meta-llama/Llama-3.2-1B,256,12,128,3
2066.71754,6.129,,4888.49825,14.799,,4769.12606,14.668,,45088768,meta-llama/Llama-3.2-1B,256,12,64,3
2057.07449,6.073,,4838.95005,14.595,,4728.78395,14.512,,22544384,meta-llama/Llama-3.2-1B,256,12,32,3
2022.84479,6.064,,4816.51739,14.779,,4766.65052,14.708,,11272192,meta-llama/Llama-3.2-1B,256,12,16,3
2044.14422,6.081,,4822.96538,14.701,,4742.83234,14.6,,5636096,meta-llama/Llama-3.2-1B,256,12,8,3
2074.18179,6.148,,4877.47866,14.857,,4775.27022,14.818,,2818048,meta-llama/Llama-3.2-1B,256,12,4,3
2066.5943,6.139,,4850.73115,14.823,,4769.44705,14.831,,1409024,meta-llama/Llama-3.2-1B,256,12,2,3
2081.45146,6.052,,4787.74159,14.411,,4705.09476,14.365,,704512,meta-llama/Llama-3.2-1B,256,12,1,3
1215.17948,3.404,,4456.11004,13.684,,3695.26511,10.496,,1235814400,meta-llama/Llama-3.2-1B,256,8,-1,3
1755.17157,5.352,,5146.71709,15.653,,4305.30082,13.732,,721420288,meta-llama/Llama-3.2-1B,256,8,1024,3
1541.3713,4.767,,4111.2419,12.855,,3656.98096,11.936,,360710144,meta-llama/Llama-3.2-1B,256,8,512,3
1443.81867,4.483,,3620.23748,11.372,,3365.36726,10.879,,180355072,meta-llama/Llama-3.2-1B,256,8,256,3
1399.17484,4.374,,3376.68295,10.745,,3255.06684,10.561,,90177536,meta-llama/Llama-3.2-1B,256,8,128,3
1364.66468,4.301,,3252.53942,10.437,,3151.37771,10.301,,45088768,meta-llama/Llama-3.2-1B,256,8,64,3
1362.39464,4.266,,3218.77575,10.342,,3155.3087,10.217,,22544384,meta-llama/Llama-3.2-1B,256,8,32,3
1362.93865,4.261,,3207.3103,10.439,,3115.52816,10.396,,11272192,meta-llama/Llama-3.2-1B,256,8,16,3
1356.67566,4.259,,3186.8301,10.36,,3107.13351,10.27,,5636096,meta-llama/Llama-3.2-1B,256,8,8,3
1364.20524,4.302,,3224.17897,10.479,,3133.97696,10.471,,2818048,meta-llama/Llama-3.2-1B,256,8,4,3
1373.5871,4.313,,3214.97361,10.507,,3188.38755,10.484,,1409024,meta-llama/Llama-3.2-1B,256,8,2,3
1374.05673,4.223,,3150.17009,10.129,,3131.98337,10.106,,704512,meta-llama/Llama-3.2-1B,256,8,1,3
611.23648,1.899,,2736.70674,9.531,,2073.98785,7.981,,1235814400,meta-llama/Llama-3.2-1B,256,4,-1,3
902.7226,2.94,,2907.45755,9.838,,2219.02675,7.743,,721420288,meta-llama/Llama-3.2-1B,256,4,1024,3
786.90807,2.639,,2226.12002,8.056,,2003.41994,8.179,,360710144,meta-llama/Llama-3.2-1B,256,4,512,3
736.48382,2.515,,1967.97803,7.962,,1859.96011,8.087,,180355072,meta-llama/Llama-3.2-1B,256,4,256,3
710.88895,2.473,,1832.91756,7.914,,1798.01209,8.075,,90177536,meta-llama/Llama-3.2-1B,256,4,128,3
709.63541,2.551,,1823.44977,8.105,,1761.68366,8.046,,45088768,meta-llama/Llama-3.2-1B,256,4,64,3
694.90389,2.512,,1779.51272,8.15,,1747.61725,8.137,,22544384,meta-llama/Llama-3.2-1B,256,4,32,3
701.51689,2.493,,1783.15852,8.196,,1771.4188,8.316,,11272192,meta-llama/Llama-3.2-1B,256,4,16,3
694.10862,2.516,,1779.97271,8.144,,1705.40502,7.459,,5636096,meta-llama/Llama-3.2-1B,256,4,8,3
709.3523,2.531,,1787.28835,8.205,,1755.15493,8.197,,2818048,meta-llama/Llama-3.2-1B,256,4,4,3
699.98272,2.512,,1809.9673,8.27,,1708.22344,7.365,,1409024,meta-llama/Llama-3.2-1B,256,4,2,3
693.73835,2.425,,1730.67721,7.49,,1718.73303,7.476,,704512,meta-llama/Llama-3.2-1B,256,4,1,3
793.51358,2.657,,2767.79449,9.047,,2439.14526,8.099,,355412057,FacebookAI/roberta-large,256,16,-1,3
1088.33226,3.861,,3002.62495,9.773,,2650.3517,9.236,,201326592,FacebookAI/roberta-large,256,16,1024,3
974.68571,3.433,,2517.35195,8.302,,2296.41497,7.974,,100663296,FacebookAI/roberta-large,256,16,512,3
922.14361,3.238,,2268.43437,8.356,,2154.08905,7.828,,50331648,FacebookAI/roberta-large,256,16,256,3
894.49192,3.146,,2189.39722,8.378,,2099.4882,7.818,,25165824,FacebookAI/roberta-large,256,16,128,3
877.11102,3.083,,2184.7812,8.329,,2111.83344,8.225,,12582912,FacebookAI/roberta-large,256,16,64,3
871.78586,3.026,,2128.36787,8.561,,2048.94728,7.785,,6291456,FacebookAI/roberta-large,256,16,32,3
873.86664,3.06,,2144.60417,8.464,,2026.20474,7.555,,3145728,FacebookAI/roberta-large,256,16,16,3
870.464,3.066,,2106.70623,8.624,,2056.33359,7.934,,1572864,FacebookAI/roberta-large,256,16,8,3
875.49696,3.084,,2101.8761,8.509,,2027.7894,7.475,,786432,FacebookAI/roberta-large,256,16,4,3
879.17509,3.093,,2030.1532,7.234,,2033.497,7.803,,393216,FacebookAI/roberta-large,256,16,2,3
872.93947,2.987,,2099.90645,8.44,,2049.32731,7.983,,196608,FacebookAI/roberta-large,256,16,1,3
572.11176,1.792,,2082.68775,7.499,,1791.69353,5.894,,355412057,FacebookAI/roberta-large,256,12,-1,3
782.2839,2.493,,2310.76124,7.999,,1936.60239,6.685,,201326592,FacebookAI/roberta-large,256,12,1024,3
707.46904,2.351,,1985.59264,7.757,,1764.71105,7.078,,100663296,FacebookAI/roberta-large,256,12,512,3
681.34881,2.333,,1852.09572,8.16,,1752.25613,7.973,,50331648,FacebookAI/roberta-large,256,12,256,3
654.83358,2.371,,1670.34054,7.087,,1603.7272,6.529,,25165824,FacebookAI/roberta-large,256,12,128,3
651.51475,2.365,,1737.04843,8.103,,1630.06836,7.571,,12582912,FacebookAI/roberta-large,256,12,64,3
644.90027,2.317,,1564.10704,6.503,,1679.90917,7.634,,6291456,FacebookAI/roberta-large,256,12,32,3
649.30736,2.332,,1680.56342,7.802,,1644.15932,7.798,,3145728,FacebookAI/roberta-large,256,12,16,3
646.34593,2.323,,1671.6667,8.246,,1724.69782,8.508,,1572864,FacebookAI/roberta-large,256,12,8,3
657.53078,2.432,,1731.02838,8.534,,1668.81813,7.819,,786432,FacebookAI/roberta-large,256,12,4,3
656.28122,2.422,,1648.96421,7.272,,1657.31029,7.667,,393216,FacebookAI/roberta-large,256,12,2,3
639.00168,2.323,,1561.96269,6.198,,1527.33716,6.91,,196608,FacebookAI/roberta-large,256,12,1,3
387.39995,1.425,,1526.66332,6.29,,1378.51436,6.401,,355412057,FacebookAI/roberta-large,256,8,-1,3
537.96528,2.124,,1600.44058,6.037,,1662.55585,9.382,,201326592,FacebookAI/roberta-large,256,8,1024,3
496.31017,2.111,,1528.78979,7.982,,1514.83029,8.903,,100663296,FacebookAI/roberta-large,256,8,512,3
474.55663,2.135,,1454.17033,8.164,,1398.28004,8.327,,50331648,FacebookAI/roberta-large,256,8,256,3
471.00993,2.168,,1370.5049,8.441,,1357.89006,8.389,,25165824,FacebookAI/roberta-large,256,8,128,3
462.3447,2.138,,1400.37336,8.55,,1312.03274,7.919,,12582912,FacebookAI/roberta-large,256,8,64,3
457.49139,2.125,,1242.72437,7.125,,1308.81102,7.946,,6291456,FacebookAI/roberta-large,256,8,32,3
464.92175,2.155,,1308.83637,8.226,,1334.1034,7.987,,3145728,FacebookAI/roberta-large,256,8,16,3
454.32106,2.143,,1260.07718,7.805,,1288.8095,8.111,,1572864,FacebookAI/roberta-large,256,8,8,3
468.44145,2.184,,1399.70209,8.539,,1402.43932,8.88,,786432,FacebookAI/roberta-large,256,8,4,3
459.0907,2.226,,1214.66426,8.778,,1321.4802,8.196,,393216,FacebookAI/roberta-large,256,8,2,3
454.2345,2.143,,1330.50647,8.335,,1340.89844,8.125,,196608,FacebookAI/roberta-large,256,8,1,3
224.80619,1.197,,1130.38979,6.868,,914.59405,6.159,,355412057,FacebookAI/roberta-large,256,4,-1,3
335.78574,1.979,,1265.87949,8.553,,1011.31079,6.593,,201326592,FacebookAI/roberta-large,256,4,1024,3
314.48803,1.994,,993.71911,8.661,,879.87383,7.47,,100663296,FacebookAI/roberta-large,256,4,512,3
310.08279,2.006,,868.25283,8.248,,842.16946,8.648,,50331648,FacebookAI/roberta-large,256,4,256,3
293.76638,1.959,,773.41855,8.466,,752.71335,8.643,,25165824,FacebookAI/roberta-large,256,4,128,3
294.39732,1.969,,845.08417,6.91,,746.86816,5.316,,12582912,FacebookAI/roberta-large,256,4,64,3
301.35866,2.005,,746.21859,8.23,,846.12835,6.71,,6291456,FacebookAI/roberta-large,256,4,32,3
300.14905,2.007,,775.09883,7.899,,796.11117,8.053,,3145728,FacebookAI/roberta-large,256,4,16,3
295.58432,1.984,,755.99097,8.314,,804.60356,7.118,,1572864,FacebookAI/roberta-large,256,4,8,3
303.84096,2.054,,802.60448,8.503,,847.13932,6.47,,786432,FacebookAI/roberta-large,256,4,4,3
307.63416,2.036,,791.04936,8.953,,809.72951,7.975,,393216,FacebookAI/roberta-large,256,4,2,3
292.92787,1.938,,792.6136,9.149,,742.09428,7.976,,196608,FacebookAI/roberta-large,256,4,1,3
2371.56934,6.535,,7933.79504,22.554,,7183.09513,19.327,,1235814400,meta-llama/Llama-3.2-1B,256,16,-1,4
3556.83057,10.234,,10045.33292,27.789,,8625.1758,25.86,,721420288,meta-llama/Llama-3.2-1B,256,16,1024,4
3119.98439,8.934,,8127.85867,23.097,,7485.55466,22.203,,360710144,meta-llama/Llama-3.2-1B,256,16,512,4
2940.14648,8.433,,7275.71641,20.898,,6948.92024,20.371,,180355072,meta-llama/Llama-3.2-1B,256,16,256,4
2856.63235,8.285,,6909.75911,20.086,,6593.40379,19.851,,90177536,meta-llama/Llama-3.2-1B,256,16,128,4
2793.09047,8.141,,6665.48364,19.607,,6491.95559,19.491,,45088768,meta-llama/Llama-3.2-1B,256,16,64,4
2775.61639,8.043,,6566.76874,19.37,,6397.47168,19.285,,22544384,meta-llama/Llama-3.2-1B,256,16,32,4
2771.17776,8.049,,6583.56141,19.559,,6431.75418,19.516,,11272192,meta-llama/Llama-3.2-1B,256,16,16,4
2770.2708,8.047,,6552.36989,19.469,,6456.27196,19.43,,5636096,meta-llama/Llama-3.2-1B,256,16,8,4
2802.92343,8.2,,6628.48862,19.832,,6498.88545,19.762,,2818048,meta-llama/Llama-3.2-1B,256,16,4,4
2796.45709,8.18,,6598.50802,19.755,,6492.39012,19.789,,1409024,meta-llama/Llama-3.2-1B,256,16,2,4
2793.92182,8.044,,6575.56189,19.142,,6398.5792,19.094,,704512,meta-llama/Llama-3.2-1B,256,16,1,4
1804.01539,4.895,,6169.02621,17.919,,5453.60923,14.753,,1235814400,meta-llama/Llama-3.2-1B,256,12,-1,4
2605.75978,7.344,,7456.27108,20.895,,6419.06009,18.95,,721420288,meta-llama/Llama-3.2-1B,256,12,1024,4
2335.87219,6.63,,6133.80027,17.479,,5536.07216,16.514,,360710144,meta-llama/Llama-3.2-1B,256,12,512,4
2188.93704,6.352,,5402.38075,15.767,,5100.17161,15.291,,180355072,meta-llama/Llama-3.2-1B,256,12,256,4
2120.83471,6.244,,5049.87846,15.15,,4899.58196,14.913,,90177536,meta-llama/Llama-3.2-1B,256,12,128,4
2095.54953,6.131,,4924.57987,14.799,,4740.70746,14.621,,45088768,meta-llama/Llama-3.2-1B,256,12,64,4
2056.47224,6.078,,4812.10686,14.618,,4656.45675,14.487,,22544384,meta-llama/Llama-3.2-1B,256,12,32,4
2054.3127,6.067,,4839.50937,14.824,,4756.15107,14.706,,11272192,meta-llama/Llama-3.2-1B,256,12,16,4
2021.66623,6.061,,4820.89949,14.67,,4736.50799,14.633,,5636096,meta-llama/Llama-3.2-1B,256,12,8,4
2084.02752,6.14,,4843.75691,14.823,,4816.08306,14.822,,2818048,meta-llama/Llama-3.2-1B,256,12,4,4
2072.57981,6.15,,4846.21063,14.829,,4791.31157,14.793,,1409024,meta-llama/Llama-3.2-1B,256,12,2,4
2084.7355,6.046,,4794.05847,14.386,,4715.86666,14.412,,704512,meta-llama/Llama-3.2-1B,256,12,1,4
1197.26853,3.408,,4468.15717,13.705,,3721.16678,10.524,,1235814400,meta-llama/Llama-3.2-1B,256,8,-1,4
1743.13661,5.36,,5178.23406,15.672,,4330.70871,13.698,,721420288,meta-llama/Llama-3.2-1B,256,8,1024,4
1549.25437,4.751,,4140.29784,12.85,,3711.33906,11.92,,360710144,meta-llama/Llama-3.2-1B,256,8,512,4
1440.24209,4.483,,3618.47053,11.388,,3378.07073,10.876,,180355072,meta-llama/Llama-3.2-1B,256,8,256,4
1398.73346,4.38,,3382.18721,10.786,,3234.399,10.538,,90177536,meta-llama/Llama-3.2-1B,256,8,128,4
1365.77593,4.304,,3250.9221,10.464,,3124.63339,10.152,,45088768,meta-llama/Llama-3.2-1B,256,8,64,4
1354.16131,4.271,,3184.78661,10.342,,3153.73711,10.242,,22544384,meta-llama/Llama-3.2-1B,256,8,32,4
1364.2961,4.27,,3216.74112,10.479,,3167.10278,10.361,,11272192,meta-llama/Llama-3.2-1B,256,8,16,4
1347.66314,4.267,,3164.1126,10.356,,3148.94864,10.297,,5636096,meta-llama/Llama-3.2-1B,256,8,8,4
1359.64736,4.315,,3211.00602,10.523,,3171.19152,10.482,,2818048,meta-llama/Llama-3.2-1B,256,8,4,4
1370.38435,4.323,,3215.9335,10.51,,3182.51678,10.468,,1409024,meta-llama/Llama-3.2-1B,256,8,2,4
1371.55419,4.215,,3183.41597,10.127,,3144.24224,10.114,,704512,meta-llama/Llama-3.2-1B,256,8,1,4
597.58871,1.898,,2766.54076,9.756,,2079.22835,7.202,,1235814400,meta-llama/Llama-3.2-1B,256,4,-1,4
892.54414,2.936,,2904.36738,9.937,,2213.17794,7.852,,721420288,meta-llama/Llama-3.2-1B,256,4,1024,4
791.90351,2.644,,2258.99741,8.031,,1926.73048,7.198,,360710144,meta-llama/Llama-3.2-1B,256,4,512,4
732.591,2.52,,1988.87323,8.055,,1844.35422,7.982,,180355072,meta-llama/Llama-3.2-1B,256,4,256,4
716.9252,2.467,,1841.09165,8.005,,1792.7458,8.041,,90177536,meta-llama/Llama-3.2-1B,256,4,128,4
706.68993,2.486,,1777.86867,8.012,,1765.78263,8.197,,45088768,meta-llama/Llama-3.2-1B,256,4,64,4
698.23294,2.518,,1747.97514,7.991,,1760.89033,8.172,,22544384,meta-llama/Llama-3.2-1B,256,4,32,4
685.01869,2.464,,1755.86242,8.045,,1751.41951,8.286,,11272192,meta-llama/Llama-3.2-1B,256,4,16,4
701.01414,2.484,,1783.24935,8.063,,1741.71818,8.234,,5636096,meta-llama/Llama-3.2-1B,256,4,8,4
700.26957,2.54,,1772.4899,8.295,,1743.23764,7.779,,2818048,meta-llama/Llama-3.2-1B,256,4,4,4
705.98521,2.533,,1785.90512,8.182,,1783.0474,8.205,,1409024,meta-llama/Llama-3.2-1B,256,4,2,4
693.57907,2.445,,1700.75811,8.018,,1843.49698,8.151,,704512,meta-llama/Llama-3.2-1B,256,4,1,4
783.9168,2.643,,2802.07495,9.023,,2449.34857,8.121,,355412057,FacebookAI/roberta-large,256,16,-1,4
1103.13116,3.863,,3028.72292,9.776,,2643.22654,9.237,,201326592,FacebookAI/roberta-large,256,16,1024,4
973.81736,3.431,,2518.67663,8.273,,2341.60404,8.133,,100663296,FacebookAI/roberta-large,256,16,512,4
921.24907,3.233,,2261.22621,8.336,,2174.10459,7.827,,50331648,FacebookAI/roberta-large,256,16,256,4
893.70049,3.153,,2204.67729,8.222,,2091.2226,8.3,,25165824,FacebookAI/roberta-large,256,16,128,4
885.54585,3.081,,2127.31888,8.377,,2136.58869,8.234,,12582912,FacebookAI/roberta-large,256,16,64,4
870.80352,3.044,,2143.2561,8.409,,2085.45878,8.022,,6291456,FacebookAI/roberta-large,256,16,32,4
865.09006,3.047,,2114.56779,8.484,,2033.35066,7.561,,3145728,FacebookAI/roberta-large,256,16,16,4
874.31253,3.066,,2152.5985,8.071,,2096.32615,8.283,,1572864,FacebookAI/roberta-large,256,16,8,4
866.80844,3.082,,2061.24292,8.074,,,,,786432,FacebookAI/roberta-large,256,16,4,4
875.20813,3.085,,2080.813,8.489,,,,,393216,FacebookAI/roberta-large,256,16,2,4
875.07986,2.994,,2016.82522,7.461,,,,,196608,FacebookAI/roberta-large,256,16,1,4
558.24152,1.8,,2008.99086,7.068,,,,,355412057,FacebookAI/roberta-large,256,12,-1,4
781.83966,2.492,,2297.8022,8.388,,,,,201326592,FacebookAI/roberta-large,256,12,1024,4
705.22277,2.332,,1988.48454,8.384,,,,,100663296,FacebookAI/roberta-large,256,12,512,4
680.23669,2.35,,1867.86932,8.276,,,,,50331648,FacebookAI/roberta-large,256,12,256,4
655.75829,2.339,,1845.13281,8.479,,,,,25165824,FacebookAI/roberta-large,256,12,128,4
656.30976,2.365,,1698.05376,7.377,,,,,12582912,FacebookAI/roberta-large,256,12,64,4
644.57838,2.314,,1707.58854,8.589,,,,,6291456,FacebookAI/roberta-large,256,12,32,4
644.97806,2.338,,1711.19922,8.529,,,,,3145728,FacebookAI/roberta-large,256,12,16,4
656.64166,2.358,,1675.54916,8.344,,,,,1572864,FacebookAI/roberta-large,256,12,8,4
666.19606,2.419,,1694.80517,8.661,,,,,786432,FacebookAI/roberta-large,256,12,4,4
652.55727,2.415,,1802.6928,8.658,,,,,393216,FacebookAI/roberta-large,256,12,2,4
647.49672,2.349,,1675.26077,8.415,,,,,196608,FacebookAI/roberta-large,256,12,1,4
383.09259,1.43,,1562.49911,6.935,,,,,355412057,FacebookAI/roberta-large,256,8,-1,4
543.23358,2.124,,1712.88608,7.67,,,,,201326592,FacebookAI/roberta-large,256,8,1024,4
505.21868,2.147,,1547.49889,8.426,,,,,100663296,FacebookAI/roberta-large,256,8,512,4
469.36414,2.132,,1469.06398,8.455,,,,,50331648,FacebookAI/roberta-large,256,8,256,4
461.84246,2.156,,1324.41533,7.404,,,,,25165824,FacebookAI/roberta-large,256,8,128,4
463.79569,2.146,,1367.32373,8.586,,,,,12582912,FacebookAI/roberta-large,256,8,64,4
457.02698,2.139,,1339.78484,8.423,,,,,6291456,FacebookAI/roberta-large,256,8,32,4
457.66694,2.127,,1359.80637,8.515,,,,,3145728,FacebookAI/roberta-large,256,8,16,4
459.83912,2.15,,1355.41345,8.334,,,,,1572864,FacebookAI/roberta-large,256,8,8,4
464.15232,2.22,,1356.16454,8.541,,,,,786432,FacebookAI/roberta-large,256,8,4,4
465.71728,2.228,,1199.27368,6.675,,,,,393216,FacebookAI/roberta-large,256,8,2,4
461.43035,2.148,,1332.36011,8.477,,,,,196608,FacebookAI/roberta-large,256,8,1,4
228.58226,1.209,,1123.07685,6.703,,,,,355412057,FacebookAI/roberta-large,256,4,-1,4
332.99169,1.949,,1085.32065,6.31,,,,,201326592,FacebookAI/roberta-large,256,4,1024,4
332.82604,1.971,,1045.57866,8.305,,,,,100663296,FacebookAI/roberta-large,256,4,512,4
316.49978,1.999,,836.90379,8.295,,,,,50331648,FacebookAI/roberta-large,256,4,256,4
304.56202,1.968,,801.19071,8.114,,,,,25165824,FacebookAI/roberta-large,256,4,128,4
308.61449,1.977,,768.37456,8.531,,,,,12582912,FacebookAI/roberta-large,256,4,64,4
305.71551,1.993,,827.98043,8.138,,,,,6291456,FacebookAI/roberta-large,256,4,32,4
305.06242,2.002,,792.01743,9.413,,,,,3145728,FacebookAI/roberta-large,256,4,16,4
304.18273,1.977,,706.59856,8.614,,,,,1572864,FacebookAI/roberta-large,256,4,8,4
320.11924,2.063,,770.92978,8.642,,,,,786432,FacebookAI/roberta-large,256,4,4,4
314.71238,2.062,,793.00068,9.144,,,,,393216,FacebookAI/roberta-large,256,4,2,4
304.82522,1.942,,813.83186,5.862,,,,,196608,FacebookAI/roberta-large,256,4,1,4
2389.47984,6.54,,7964.17367,22.587,,,,,1235814400,meta-llama/Llama-3.2-1B,256,16,-1,5
3560.39028,10.229,,10066.21145,27.754,,,,,721420288,meta-llama/Llama-3.2-1B,256,16,1024,5
3116.0267,8.923,,8218.78883,23.091,,,,,360710144,meta-llama/Llama-3.2-1B,256,16,512,5
2939.05785,8.424,,7277.22119,20.852,,,,,180355072,meta-llama/Llama-3.2-1B,256,16,256,5
2830.84185,8.29,,6853.18058,20.13,,,,,90177536,meta-llama/Llama-3.2-1B,256,16,128,5
2776.66623,8.123,,6630.0676,19.58,,,,,45088768,meta-llama/Llama-3.2-1B,256,16,64,5
2763.70705,8.057,,6544.44063,19.421,,,,,22544384,meta-llama/Llama-3.2-1B,256,16,32,5
2767.9479,8.054,,6570.88449,19.587,,,,,11272192,meta-llama/Llama-3.2-1B,256,16,16,5
2766.6195,8.051,,6577.62257,19.474,,,,,5636096,meta-llama/Llama-3.2-1B,256,16,8,5
2792.21543,8.192,,6618.70941,19.792,,,,,2818048,meta-llama/Llama-3.2-1B,256,16,4,5
2792.99343,8.199,,6629.0765,19.798,,,,,1409024,meta-llama/Llama-3.2-1B,256,16,2,5
2772.36811,8.032,,6491.23506,19.14,,,,,704512,meta-llama/Llama-3.2-1B,256,16,1,5
1811.40301,4.902,,6207.22932,17.963,,,,,1235814400,meta-llama/Llama-3.2-1B,256,12,-1,5
2615.24751,7.332,,7441.19768,20.878,,,,,721420288,meta-llama/Llama-3.2-1B,256,12,1024,5
2332.86096,6.635,,6140.27707,17.484,,,,,360710144,meta-llama/Llama-3.2-1B,256,12,512,5
2190.47996,6.349,,5391.9004,15.761,,,,,180355072,meta-llama/Llama-3.2-1B,256,12,256,5
2131.29878,6.242,,5103.25593,15.14,,,,,90177536,meta-llama/Llama-3.2-1B,256,12,128,5
2064.13384,6.115,,4851.70026,14.766,,,,,45088768,meta-llama/Llama-3.2-1B,256,12,64,5
2091.68373,6.071,,4846.59211,14.613,,,,,22544384,meta-llama/Llama-3.2-1B,256,12,32,5
2062.50152,6.075,,4884.34731,14.825,,,,,11272192,meta-llama/Llama-3.2-1B,256,12,16,5
2039.05027,6.072,,4824.78191,14.692,,,,,5636096,meta-llama/Llama-3.2-1B,256,12,8,5
2070.99077,6.14,,4847.31919,14.866,,,,,2818048,meta-llama/Llama-3.2-1B,256,12,4,5
2070.45053,6.155,,4874.0372,14.866,,,,,1409024,meta-llama/Llama-3.2-1B,256,12,2,5
2013.53198,6.05,,4788.43744,14.415,,,,,704512,meta-llama/Llama-3.2-1B,256,12,1,5
1208.5466,3.396,,4457.14764,13.699,,,,,1235814400,meta-llama/Llama-3.2-1B,256,8,-1,5
1748.62042,5.365,,5178.38099,15.669,,,,,721420288,meta-llama/Llama-3.2-1B,256,8,1024,5
1556.02858,4.757,,4148.48352,12.888,,,,,360710144,meta-llama/Llama-3.2-1B,256,8,512,5
1467.62599,4.471,,3619.56301,11.348,,,,,180355072,meta-llama/Llama-3.2-1B,256,8,256,5
1404.55846,4.398,,3383.97218,10.787,,,,,90177536,meta-llama/Llama-3.2-1B,256,8,128,5
1373.18667,4.297,,3252.30628,10.436,,,,,45088768,meta-llama/Llama-3.2-1B,256,8,64,5
1355.60606,4.262,,3189.91129,10.309,,,,,22544384,meta-llama/Llama-3.2-1B,256,8,32,5
1368.06302,4.256,,3207.62842,10.434,,,,,11272192,meta-llama/Llama-3.2-1B,256,8,16,5
1357.77719,4.256,,3178.78092,10.315,,,,,5636096,meta-llama/Llama-3.2-1B,256,8,8,5
1377.07288,4.312,,3230.38652,10.507,,,,,2818048,meta-llama/Llama-3.2-1B,256,8,4,5
1377.97806,4.312,,3234.15012,10.479,,,,,1409024,meta-llama/Llama-3.2-1B,256,8,2,5
1375.77666,4.249,,3149.12518,10.134,,,,,704512,meta-llama/Llama-3.2-1B,256,8,1,5
603.95508,1.9,,2806.44189,9.564,,,,,1235814400,meta-llama/Llama-3.2-1B,256,4,-1,5
890.08214,2.939,,2882.02959,9.867,,,,,721420288,meta-llama/Llama-3.2-1B,256,4,1024,5
790.22778,2.652,,2247.56165,8.045,,,,,360710144,meta-llama/Llama-3.2-1B,256,4,512,5
736.48586,2.506,,1973.75899,7.744,,,,,180355072,meta-llama/Llama-3.2-1B,256,4,256,5
722.22463,2.478,,1846.30926,7.692,,,,,90177536,meta-llama/Llama-3.2-1B,256,4,128,5
708.13558,2.522,,1817.43457,8.148,,,,,45088768,meta-llama/Llama-3.2-1B,256,4,64,5
704.47811,2.493,,1783.82618,8.062,,,,,22544384,meta-llama/Llama-3.2-1B,256,4,32,5
695.93885,2.495,,1771.48826,7.989,,,,,11272192,meta-llama/Llama-3.2-1B,256,4,16,5
701.17245,2.535,,1779.77467,8.097,,,,,5636096,meta-llama/Llama-3.2-1B,256,4,8,5
699.43681,2.501,,1770.67214,7.87,,,,,2818048,meta-llama/Llama-3.2-1B,256,4,4,5
703.63524,2.479,,1793.97736,8.209,,,,,1409024,meta-llama/Llama-3.2-1B,256,4,2,5
694.07054,2.427,,1730.99474,8.015,,,,,704512,meta-llama/Llama-3.2-1B,256,4,1,5
776.52074,2.646,,2603.09369,9.024,,,,,355412057,FacebookAI/roberta-large,256,16,-1,5
1093.05584,3.862,,3022.97272,9.798,,,,,201326592,FacebookAI/roberta-large,256,16,1024,5
989.18218,3.439,,2502.20093,8.293,,,,,100663296,FacebookAI/roberta-large,256,16,512,5
918.65887,3.227,,2331.70315,8.379,,,,,50331648,FacebookAI/roberta-large,256,16,256,5
892.66125,3.152,,2192.39832,8.386,,,,,25165824,FacebookAI/roberta-large,256,16,128,5
871.58117,3.082,,2098.86753,8.018,,,,,12582912,FacebookAI/roberta-large,256,16,64,5
873.75769,3.053,,2095.72251,8.284,,,,,6291456,FacebookAI/roberta-large,256,16,32,5
854.48683,3.045,,2131.79396,8.525,,,,,3145728,FacebookAI/roberta-large,256,16,16,5
866.79347,3.051,,2092.91579,8.486,,,,,1572864,FacebookAI/roberta-large,256,16,8,5
872.85264,3.083,,2070.19264,7.43,,,,,786432,FacebookAI/roberta-large,256,16,4,5
872.59773,3.092,,2139.85653,8.47,,,,,393216,FacebookAI/roberta-large,256,16,2,5
861.67966,2.984,,2082.45498,7.877,,,,,196608,FacebookAI/roberta-large,256,16,1,5
560.44663,1.79,,2014.24571,6.823,,,,,355412057,FacebookAI/roberta-large,256,12,-1,5
787.57876,2.474,,2296.68382,8.38,,,,,201326592,FacebookAI/roberta-large,256,12,1024,5
712.46372,2.352,,1981.86178,8.1,,,,,100663296,FacebookAI/roberta-large,256,12,512,5
665.70304,2.314,,1736.71276,6.767,,,,,50331648,FacebookAI/roberta-large,256,12,256,5
658.69997,2.31,,1756.17234,8.32,,,,,25165824,FacebookAI/roberta-large,256,12,128,5
651.43027,2.336,,1805.52944,8.48,,,,,12582912,FacebookAI/roberta-large,256,12,64,5
644.97602,2.342,,1713.99051,8.335,,,,,6291456,FacebookAI/roberta-large,256,12,32,5
636.99011,2.305,,1713.607,8.347,,,,,3145728,FacebookAI/roberta-large,256,12,16,5
639.20541,2.333,,1658.81473,7.809,,,,,1572864,FacebookAI/roberta-large,256,12,8,5
651.02254,2.39,,1685.6531,8.711,,,,,786432,FacebookAI/roberta-large,256,12,4,5
653.08489,2.424,,1786.97635,8.672,,,,,393216,FacebookAI/roberta-large,256,12,2,5
642.31597,2.313,,1689.51847,7.754,,,,,196608,FacebookAI/roberta-large,256,12,1,5
374.10928,1.434,,1606.96937,7.231,,,,,355412057,FacebookAI/roberta-large,256,8,-1,5
539.27711,2.106,,1596.17875,5.993,,,,,201326592,FacebookAI/roberta-large,256,8,1024,5
500.32039,2.115,,1527.74398,7.921,,,,,100663296,FacebookAI/roberta-large,256,8,512,5
475.08863,2.134,,1420.34426,8.146,,,,,50331648,FacebookAI/roberta-large,256,8,256,5
468.65427,2.158,,1247.25954,6.326,,,,,25165824,FacebookAI/roberta-large,256,8,128,5
462.48632,2.139,,1387.85533,8.752,,,,,12582912,FacebookAI/roberta-large,256,8,64,5
460.03589,2.12,,1314.19233,8.246,,,,,6291456,FacebookAI/roberta-large,256,8,32,5
455.4905,2.115,,1325.1016,8.548,,,,,3145728,FacebookAI/roberta-large,256,8,16,5
450.61982,2.154,,1156.29258,6.235,,,,,1572864,FacebookAI/roberta-large,256,8,8,5
465.96864,2.229,,1274.49069,8.896,,,,,786432,FacebookAI/roberta-large,256,8,4,5
469.80862,2.237,,1317.35772,8.753,,,,,393216,FacebookAI/roberta-large,256,8,2,5
462.26184,2.143,,1367.7167,8.404,,,,,196608,FacebookAI/roberta-large,256,8,1,5
224.53096,1.209,,1131.12057,6.979,,,,,355412057,FacebookAI/roberta-large,256,4,-1,5
332.05128,1.959,,1231.29998,8.274,,,,,201326592,FacebookAI/roberta-large,256,4,1024,5
316.47975,1.998,,1008.07163,7.968,,,,,100663296,FacebookAI/roberta-large,256,4,512,5
307.10211,1.952,,859.03271,8.519,,,,,50331648,FacebookAI/roberta-large,256,4,256,5
300.14291,1.964,,831.62787,7.581,,,,,25165824,FacebookAI/roberta-large,256,4,128,5
294.27739,1.971,,770.38004,7.852,,,,,12582912,FacebookAI/roberta-large,256,4,64,5
298.14294,2.013,,801.95534,9.088,,,,,6291456,FacebookAI/roberta-large,256,4,32,5
299.612,2.022,,826.74092,6.352,,,,,3145728,FacebookAI/roberta-large,256,4,16,5
299.37858,1.992,,802.19923,8.188,,,,,1572864,FacebookAI/roberta-large,256,4,8,5
306.27437,2.073,,795.81193,8.711,,,,,786432,FacebookAI/roberta-large,256,4,4,5
305.94963,2.057,,746.01811,8.666,,,,,393216,FacebookAI/roberta-large,256,4,2,5
297.89598,1.954,,768.1153,6.737,,,,,196608,FacebookAI/roberta-large,256,4,1,5
2367.12016,6.536,,7918.94041,22.567,,,,,1235814400,meta-llama/Llama-3.2-1B,256,16,-1,6
3569.68194,10.231,,10061.4714,27.753,,,,,721420288,meta-llama/Llama-3.2-1B,256,16,1024,6
3118.16912,8.926,,8220.88163,23.098,,,,,360710144,meta-llama/Llama-3.2-1B,256,16,512,6
2940.15329,8.418,,7265.24278,20.848,,,,,180355072,meta-llama/Llama-3.2-1B,256,16,256,6
2840.80477,8.304,,6874.79223,20.117,,,,,90177536,meta-llama/Llama-3.2-1B,256,16,128,6
2792.1068,8.131,,6654.39351,19.626,,,,,45088768,meta-llama/Llama-3.2-1B,256,16,64,6
2784.47796,8.055,,6572.73426,19.396,,,,,22544384,meta-llama/Llama-3.2-1B,256,16,32,6
2766.56367,8.053,,6616.12209,19.558,,,,,11272192,meta-llama/Llama-3.2-1B,256,16,16,6
2770.54801,8.064,,6582.2768,19.472,,,,,5636096,meta-llama/Llama-3.2-1B,256,16,8,6
2793.92098,8.206,,6603.96012,19.831,,,,,2818048,meta-llama/Llama-3.2-1B,256,16,4,6
2778.91676,8.178,,6618.25721,19.767,,,,,1409024,meta-llama/Llama-3.2-1B,256,16,2,6
2770.80237,8.033,,6520.64902,19.152,,,,,704512,meta-llama/Llama-3.2-1B,256,16,1,6
1796.24675,4.892,,6311.92458,17.919,,,,,1235814400,meta-llama/Llama-3.2-1B,256,12,-1,6
2624.09742,7.346,,7508.45125,20.891,,,,,721420288,meta-llama/Llama-3.2-1B,256,12,1024,6
2325.10105,6.647,,6098.04985,17.525,,,,,360710144,meta-llama/Llama-3.2-1B,256,12,512,6
2164.74785,6.348,,5369.63592,15.76,,,,,180355072,meta-llama/Llama-3.2-1B,256,12,256,6
2103.47574,6.237,,5069.68927,15.136,,,,,90177536,meta-llama/Llama-3.2-1B,256,12,128,6
2068.06632,6.129,,4893.15144,14.767,,,,,45088768,meta-llama/Llama-3.2-1B,256,12,64,6
2074.44392,6.069,,4808.64476,14.59,,,,,22544384,meta-llama/Llama-3.2-1B,256,12,32,6
2056.01196,6.068,,4844.82128,14.793,,,,,11272192,meta-llama/Llama-3.2-1B,256,12,16,6
2046.71933,6.068,,4852.51494,14.724,,,,,5636096,meta-llama/Llama-3.2-1B,256,12,8,6
2077.17381,6.138,,4845.29425,14.834,,,,,2818048,meta-llama/Llama-3.2-1B,256,12,4,6
2062.33044,6.168,,4866.27059,14.84,,,,,1409024,meta-llama/Llama-3.2-1B,256,12,2,6
2030.12627,6.041,,4787.26413,14.384,,,,,704512,meta-llama/Llama-3.2-1B,256,12,1,6
1220.69851,3.413,,4480.08331,13.701,,,,,1235814400,meta-llama/Llama-3.2-1B,256,8,-1,6
1749.60694,5.36,,5171.10589,15.69,,,,,721420288,meta-llama/Llama-3.2-1B,256,8,1024,6
1545.08396,4.765,,4144.74623,12.892,,,,,360710144,meta-llama/Llama-3.2-1B,256,8,512,6
1454.44888,4.489,,3602.40958,11.385,,,,,180355072,meta-llama/Llama-3.2-1B,256,8,256,6
1401.47181,4.388,,3365.29767,10.783,,,,,90177536,meta-llama/Llama-3.2-1B,256,8,128,6
1369.21327,4.303,,3269.17775,10.47,,,,,45088768,meta-llama/Llama-3.2-1B,256,8,64,6
1373.5738,4.269,,3211.86322,10.317,,,,,22544384,meta-llama/Llama-3.2-1B,256,8,32,6
1359.37605,4.269,,3210.12344,10.464,,,,,11272192,meta-llama/Llama-3.2-1B,256,8,16,6
1358.29253,4.266,,3208.47412,10.348,,,,,5636096,meta-llama/Llama-3.2-1B,256,8,8,6
1373.72289,4.301,,3227.1044,10.479,,,,,2818048,meta-llama/Llama-3.2-1B,256,8,4,6
1379.58313,4.313,,3209.5347,10.494,,,,,1409024,meta-llama/Llama-3.2-1B,256,8,2,6
1378.45481,4.253,,3173.55091,10.141,,,,,704512,meta-llama/Llama-3.2-1B,256,8,1,6
600.73085,1.899,,2761.36842,9.865,,,,,1235814400,meta-llama/Llama-3.2-1B,256,4,-1,6
895.69023,2.958,,2886.35004,9.948,,,,,721420288,meta-llama/Llama-3.2-1B,256,4,1024,6
785.29855,2.633,,2252.91474,8.069,,,,,360710144,meta-llama/Llama-3.2-1B,256,4,512,6
741.44636,2.509,,1979.33477,8.069,,,,,180355072,meta-llama/Llama-3.2-1B,256,4,256,6
699.02472,2.478,,1844.71738,7.954,,,,,90177536,meta-llama/Llama-3.2-1B,256,4,128,6
703.57682,2.528,,1817.15406,8.181,,,,,45088768,meta-llama/Llama-3.2-1B,256,4,64,6
708.75151,2.527,,1809.41471,8.081,,,,,22544384,meta-llama/Llama-3.2-1B,256,4,32,6
698.61051,2.513,,1739.54274,8.132,,,,,11272192,meta-llama/Llama-3.2-1B,256,4,16,6
699.62637,2.504,,1765.54551,8.174,,,,,5636096,meta-llama/Llama-3.2-1B,256,4,8,6
710.05808,2.55,,1799.83756,8.331,,,,,2818048,meta-llama/Llama-3.2-1B,256,4,4,6
702.48471,2.529,,1770.77428,8.163,,,,,1409024,meta-llama/Llama-3.2-1B,256,4,2,6
693.92852,2.426,,1739.09349,7.898,,,,,704512,meta-llama/Llama-3.2-1B,256,4,1,6
791.65532,2.644,,2524.78864,9.027,,,,,355412057,FacebookAI/roberta-large,256,16,-1,6
1093.36905,3.863,,3021.38008,9.784,,,,,201326592,FacebookAI/roberta-large,256,16,1024,6
974.85786,3.425,,2536.79931,8.33,,,,,100663296,FacebookAI/roberta-large,256,16,512,6
921.69217,3.217,,2283.42224,7.805,,,,,50331648,FacebookAI/roberta-large,256,16,256,6
884.15783,3.155,,2148.12556,7.533,,,,,25165824,FacebookAI/roberta-large,256,16,128,6
876.42851,3.083,,2140.77284,8.45,,,,,12582912,FacebookAI/roberta-large,256,16,64,6
861.43233,3.051,,2171.45821,8.473,,,,,6291456,FacebookAI/roberta-large,256,16,32,6
871.93827,3.058,,2097.41587,8.147,,,,,3145728,FacebookAI/roberta-large,256,16,16,6
861.37078,3.046,,2145.22017,8.528,,,,,1572864,FacebookAI/roberta-large,256,16,8,6
877.65061,3.088,,2142.32009,8.539,,,,,786432,FacebookAI/roberta-large,256,16,4,6
875.04072,3.083,,2100.78037,7.828,,,,,393216,FacebookAI/roberta-large,256,16,2,6
859.29787,3.003,,2101.44074,8.439,,,,,196608,FacebookAI/roberta-large,256,16,1,6
572.45352,1.785,,1941.57777,6.808,,,,,355412057,FacebookAI/roberta-large,256,12,-1,6
787.96979,2.488,,2285.01166,8.409,,,,,201326592,FacebookAI/roberta-large,256,12,1024,6
706.61984,2.348,,2017.12459,8.407,,,,,100663296,FacebookAI/roberta-large,256,12,512,6
687.95062,2.326,,1893.23289,8.431,,,,,50331648,FacebookAI/roberta-large,256,12,256,6
661.58516,2.337,,1720.35722,7.145,,,,,25165824,FacebookAI/roberta-large,256,12,128,6
637.76748,2.367,,1725.02421,8.486,,,,,12582912,FacebookAI/roberta-large,256,12,64,6
644.2366,2.337,,1733.22201,8.603,,,,,6291456,FacebookAI/roberta-large,256,12,32,6
643.22245,2.362,,1744.28013,8.517,,,,,3145728,FacebookAI/roberta-large,256,12,16,6
644.61142,2.371,,1735.86129,8.52,,,,,1572864,FacebookAI/roberta-large,256,12,8,6
651.8349,2.442,,1694.463,8.449,,,,,786432,FacebookAI/roberta-large,256,12,4,6
652.02585,2.436,,1782.02239,8.742,,,,,393216,FacebookAI/roberta-large,256,12,2,6
650.8698,2.332,,1675.91071,8.256,,,,,196608,FacebookAI/roberta-large,256,12,1,6
386.13189,1.445,,1594.81998,7.29,,,,,355412057,FacebookAI/roberta-large,256,8,-1,6
538.48971,2.123,,1740.3726,8.154,,,,,201326592,FacebookAI/roberta-large,256,8,1024,6
498.27286,2.139,,1493.86315,8.221,,,,,100663296,FacebookAI/roberta-large,256,8,512,6
474.61569,2.155,,1439.45901,8.497,,,,,50331648,FacebookAI/roberta-large,256,8,256,6
470.66761,2.171,,1383.95397,8.354,,,,,25165824,FacebookAI/roberta-large,256,8,128,6
458.40492,2.139,,1356.94078,8.653,,,,,12582912,FacebookAI/roberta-large,256,8,64,6
458.61595,2.161,,1316.18544,8.445,,,,,6291456,FacebookAI/roberta-large,256,8,32,6
461.11333,2.14,,1365.1642,8.603,,,,,3145728,FacebookAI/roberta-large,256,8,16,6
449.92561,2.155,,1322.19836,8.219,,,,,1572864,FacebookAI/roberta-large,256,8,8,6
468.2887,2.252,,1518.93669,8.72,,,,,786432,FacebookAI/roberta-large,256,8,4,6
473.43187,2.223,,1386.77202,8.721,,,,,393216,FacebookAI/roberta-large,256,8,2,6
461.86117,2.163,,1323.91289,8.22,,,,,196608,FacebookAI/roberta-large,256,8,1,6
224.46685,1.223,,1084.17231,6.447,,,,,355412057,FacebookAI/roberta-large,256,4,-1,6
337.08559,1.975,,1067.45561,5.968,,,,,201326592,FacebookAI/roberta-large,256,4,1024,6
320.72202,2.006,,1002.42157,8.238,,,,,100663296,FacebookAI/roberta-large,256,4,512,6
310.64516,1.975,,884.96413,7.538,,,,,50331648,FacebookAI/roberta-large,256,4,256,6
299.96528,1.949,,758.05233,8.325,,,,,25165824,FacebookAI/roberta-large,256,4,128,6
293.3314,1.961,,794.20031,8.699,,,,,12582912,FacebookAI/roberta-large,256,4,64,6
297.41849,2.001,,726.27725,8.514,,,,,6291456,FacebookAI/roberta-large,256,4,32,6
291.95908,2.015,,772.06813,7.935,,,,,3145728,FacebookAI/roberta-large,256,4,16,6
289.13256,1.971,,807.47766,6.454,,,,,1572864,FacebookAI/roberta-large,256,4,8,6
304.47449,2.045,,737.8915,8.479,,,,,786432,FacebookAI/roberta-large,256,4,4,6
305.86818,2.048,,773.24974,8.752,,,,,393216,FacebookAI/roberta-large,256,4,2,6
296.47179,1.961,,770.18453,8.652,,,,,196608,FacebookAI/roberta-large,256,4,1,6
2391.72324,6.537,,7933.10379,22.564,,,,,1235814400,meta-llama/Llama-3.2-1B,256,16,-1,7
3569.57425,10.217,,10066.28677,27.743,,,,,721420288,meta-llama/Llama-3.2-1B,256,16,1024,7
3130.06466,8.943,,8206.91364,23.119,,,,,360710144,meta-llama/Llama-3.2-1B,256,16,512,7
2923.60737,8.448,,7314.26924,20.85,,,,,180355072,meta-llama/Llama-3.2-1B,256,16,256,7
2858.43219,8.278,,6865.71935,20.076,,,,,90177536,meta-llama/Llama-3.2-1B,256,16,128,7
2805.82346,8.132,,6645.30472,19.614,,,,,45088768,meta-llama/Llama-3.2-1B,256,16,64,7
2764.65509,8.045,,6553.34454,19.371,,,,,22544384,meta-llama/Llama-3.2-1B,256,16,32,7
2779.63113,8.066,,6620.33418,19.582,,,,,11272192,meta-llama/Llama-3.2-1B,256,16,16,7
2765.84778,8.062,,6583.0891,19.5,,,,,5636096,meta-llama/Llama-3.2-1B,256,16,8,7
2796.24859,8.199,,6582.43054,19.788,,,,,2818048,meta-llama/Llama-3.2-1B,256,16,4,7
2790.25263,8.186,,6650.92744,19.752,,,,,1409024,meta-llama/Llama-3.2-1B,256,16,2,7
2778.73923,8.035,,6534.79524,19.129,,,,,704512,meta-llama/Llama-3.2-1B,256,16,1,7
1799.82623,4.898,,6309.10584,17.926,,,,,1235814400,meta-llama/Llama-3.2-1B,256,12,-1,7
2629.34537,7.341,,7509.94696,20.87,,,,,721420288,meta-llama/Llama-3.2-1B,256,12,1024,7
2329.02893,6.646,,6099.10439,17.52,,,,,360710144,meta-llama/Llama-3.2-1B,256,12,512,7
2183.31124,6.359,,5423.98589,15.791,,,,,180355072,meta-llama/Llama-3.2-1B,256,12,256,7
2099.74622,6.246,,5082.25728,15.183,,,,,90177536,meta-llama/Llama-3.2-1B,256,12,128,7
2055.8095,6.124,,4855.69926,14.765,,,,,45088768,meta-llama/Llama-3.2-1B,256,12,64,7
2019.44228,6.081,,4780.7873,14.606,,,,,22544384,meta-llama/Llama-3.2-1B,256,12,32,7
2036.57456,6.07,,4857.40775,14.825,,,,,11272192,meta-llama/Llama-3.2-1B,256,12,16,7
2038.14704,6.057,,4826.41843,14.678,,,,,5636096,meta-llama/Llama-3.2-1B,256,12,8,7
2077.88754,6.153,,4851.14903,14.884,,,,,2818048,meta-llama/Llama-3.2-1B,256,12,4,7
2085.07516,6.151,,4850.28144,14.857,,,,,1409024,meta-llama/Llama-3.2-1B,256,12,2,7
2057.41401,6.043,,4809.35546,14.394,,,,,704512,meta-llama/Llama-3.2-1B,256,12,1,7
1215.56864,3.407,,4464.70904,13.692,,,,,1235814400,meta-llama/Llama-3.2-1B,256,8,-1,7
1740.04697,5.356,,5173.89997,15.696,,,,,721420288,meta-llama/Llama-3.2-1B,256,8,1024,7
1532.95066,4.747,,4127.76868,12.859,,,,,360710144,meta-llama/Llama-3.2-1B,256,8,512,7
1440.67556,4.485,,3614.32715,11.386,,,,,180355072,meta-llama/Llama-3.2-1B,256,8,256,7
1398.27814,4.374,,3375.29633,10.787,,,,,90177536,meta-llama/Llama-3.2-1B,256,8,128,7
1374.35324,4.3,,3214.2912,10.438,,,,,45088768,meta-llama/Llama-3.2-1B,256,8,64,7
1365.39547,4.277,,3190.79489,10.321,,,,,22544384,meta-llama/Llama-3.2-1B,256,8,32,7
1357.79128,4.252,,3206.57347,10.433,,,,,11272192,meta-llama/Llama-3.2-1B,256,8,16,7
1360.95999,4.257,,3186.0106,10.327,,,,,5636096,meta-llama/Llama-3.2-1B,256,8,8,7
1357.24297,4.307,,3232.18871,10.498,,,,,2818048,meta-llama/Llama-3.2-1B,256,8,4,7
1370.31027,4.305,,3215.34035,10.463,,,,,1409024,meta-llama/Llama-3.2-1B,256,8,2,7
1369.49793,4.204,,3155.27944,10.094,,,,,704512,meta-llama/Llama-3.2-1B,256,8,1,7
605.05404,1.896,,2675.2255,9.456,,,,,1235814400,meta-llama/Llama-3.2-1B,256,4,-1,7
903.63242,2.968,,2893.01367,9.826,,,,,721420288,meta-llama/Llama-3.2-1B,256,4,1024,7
792.94312,2.641,,2247.21255,8.036,,,,,360710144,meta-llama/Llama-3.2-1B,256,4,512,7
731.09248,2.517,,1985.71662,7.854,,,,,180355072,meta-llama/Llama-3.2-1B,256,4,256,7
700.18765,2.471,,1811.65363,7.738,,,,,90177536,meta-llama/Llama-3.2-1B,256,4,128,7
696.62227,2.531,,1815.45348,8.053,,,,,45088768,meta-llama/Llama-3.2-1B,256,4,64,7
707.14065,2.529,,1780.78655,8.114,,,,,22544384,meta-llama/Llama-3.2-1B,256,4,32,7
697.1367,2.513,,1782.85573,8.043,,,,,11272192,meta-llama/Llama-3.2-1B,256,4,16,7
697.78406,2.547,,1735.07598,7.934,,,,,5636096,meta-llama/Llama-3.2-1B,256,4,8,7
705.50321,2.56,,1784.07985,8.262,,,,,2818048,meta-llama/Llama-3.2-1B,256,4,4,7
699.06373,2.522,,1783.42084,8.198,,,,,1409024,meta-llama/Llama-3.2-1B,256,4,2,7
691.11042,2.404,,1760.7157,8.023,,,,,704512,meta-llama/Llama-3.2-1B,256,4,1,7
788.13965,2.647,,2682.18219,9.024,,,,,355412057,FacebookAI/roberta-large,256,16,-1,7
1097.72281,3.866,,3000.39567,9.789,,,,,201326592,FacebookAI/roberta-large,256,16,1024,7
979.86061,3.434,,2507.10854,8.262,,,,,100663296,FacebookAI/roberta-large,256,16,512,7
920.91772,3.226,,2336.08872,8.517,,,,,50331648,FacebookAI/roberta-large,256,16,256,7
893.31862,3.155,,2186.9402,8.225,,,,,25165824,FacebookAI/roberta-large,256,16,128,7
868.44805,3.096,,2177.70362,8.421,,,,,12582912,FacebookAI/roberta-large,256,16,64,7
874.57691,3.054,,2050.08588,7.244,,,,,6291456,FacebookAI/roberta-large,256,16,32,7
892.6744,3.057,,2165.16375,8.561,,,,,3145728,FacebookAI/roberta-large,256,16,16,7
869.08959,3.058,,2093.81428,7.544,,,,,1572864,FacebookAI/roberta-large,256,16,8,7
873.78552,3.093,,2119.48139,7.81,,,,,786432,FacebookAI/roberta-large,256,16,4,7
882.82703,3.089,,2131.11344,8.653,,,,,393216,FacebookAI/roberta-large,256,16,2,7
872.32096,2.987,,2083.41492,8.214,,,,,196608,FacebookAI/roberta-large,256,16,1,7
552.45922,1.798,,2034.38267,7.18,,,,,355412057,FacebookAI/roberta-large,256,12,-1,7
786.51619,2.491,,2285.73091,8.068,,,,,201326592,FacebookAI/roberta-large,256,12,1024,7
701.19076,2.321,,1982.6865,8.314,,,,,100663296,FacebookAI/roberta-large,256,12,512,7
679.19659,2.307,,1849.694,8.324,,,,,50331648,FacebookAI/roberta-large,256,12,256,7
663.84822,2.349,,1788.27145,8.479,,,,,25165824,FacebookAI/roberta-large,256,12,128,7
649.74049,2.363,,1737.58433,8.498,,,,,12582912,FacebookAI/roberta-large,256,12,64,7
642.6681,2.352,,1751.90252,8.51,,,,,6291456,FacebookAI/roberta-large,256,12,32,7
646.66545,2.359,,1719.24934,7.997,,,,,3145728,FacebookAI/roberta-large,256,12,16,7
648.59288,2.36,,1548.46888,6.223,,,,,1572864,FacebookAI/roberta-large,256,12,8,7
650.80591,2.431,,1805.9419,8.657,,,,,786432,FacebookAI/roberta-large,256,12,4,7
646.44859,2.424,,1711.52384,8.718,,,,,393216,FacebookAI/roberta-large,256,12,2,7
649.9728,2.351,,1711.31429,8.423,,,,,196608,FacebookAI/roberta-large,256,12,1,7
385.26679,1.416,,1572.74304,7.11,,,,,355412057,FacebookAI/roberta-large,256,8,-1,7
538.23066,2.118,,1776.72781,8.414,,,,,201326592,FacebookAI/roberta-large,256,8,1024,7
502.86158,2.12,,1595.09844,8.402,,,,,100663296,FacebookAI/roberta-large,256,8,512,7
478.37738,2.131,,1424.8607,8.199,,,,,50331648,FacebookAI/roberta-large,256,8,256,7
470.08445,2.144,,1402.28269,8.46,,,,,25165824,FacebookAI/roberta-large,256,8,128,7
455.53209,2.159,,1347.24779,8.816,,,,,12582912,FacebookAI/roberta-large,256,8,64,7
456.9227,2.136,,1312.3338,8.509,,,,,6291456,FacebookAI/roberta-large,256,8,32,7
452.13173,2.111,,1315.08301,8.178,,,,,3145728,FacebookAI/roberta-large,256,8,16,7
453.00964,2.147,,1269.24249,7.696,,,,,1572864,FacebookAI/roberta-large,256,8,8,7
464.48473,2.224,,1285.62533,7.42,,,,,786432,FacebookAI/roberta-large,256,8,4,7
467.35652,2.23,,1201.45205,7.093,,,,,393216,FacebookAI/roberta-large,256,8,2,7
450.85441,2.137,,1186.48989,6.404,,,,,196608,FacebookAI/roberta-large,256,8,1,7
222.36256,1.196,,1124.16526,6.955,,,,,355412057,FacebookAI/roberta-large,256,4,-1,7
336.33228,1.973,,1244.28556,8.274,,,,,201326592,FacebookAI/roberta-large,256,4,1024,7
320.73962,1.991,,994.43119,7.469,,,,,100663296,FacebookAI/roberta-large,256,4,512,7
306.01737,1.978,,932.03596,7.573,,,,,50331648,FacebookAI/roberta-large,256,4,256,7
294.37428,1.975,,795.87525,8.208,,,,,25165824,FacebookAI/roberta-large,256,4,128,7
292.15291,1.963,,737.93502,8.184,,,,,12582912,FacebookAI/roberta-large,256,4,64,7
301.35243,2.019,,775.51118,9.235,,,,,6291456,FacebookAI/roberta-large,256,4,32,7
300.86739,1.997,,760.97289,8.837,,,,,3145728,FacebookAI/roberta-large,256,4,16,7
289.21437,1.936,,791.64756,8.916,,,,,1572864,FacebookAI/roberta-large,256,4,8,7
304.08652,2.07,,784.39949,8.588,,,,,786432,FacebookAI/roberta-large,256,4,4,7
307.69445,2.065,,859.98251,7.404,,,,,393216,FacebookAI/roberta-large,256,4,2,7
297.3254,1.986,,712.04665,7.681,,,,,196608,FacebookAI/roberta-large,256,4,1,7
2373.46703,6.529,,8026.35595,22.554,,,,,1235814400,meta-llama/Llama-3.2-1B,256,16,-1,8
3567.69939,10.243,,10034.19364,27.794,,,,,721420288,meta-llama/Llama-3.2-1B,256,16,1024,8
3107.24686,8.937,,8199.30551,23.102,,,,,360710144,meta-llama/Llama-3.2-1B,256,16,512,8
2918.7493,8.431,,7311.77295,20.876,,,,,180355072,meta-llama/Llama-3.2-1B,256,16,256,8
2848.63582,8.293,,6898.15393,20.123,,,,,90177536,meta-llama/Llama-3.2-1B,256,16,128,8
2797.58121,8.146,,6614.78678,19.623,,,,,45088768,meta-llama/Llama-3.2-1B,256,16,64,8
2760.48908,8.044,,6539.14511,19.384,,,,,22544384,meta-llama/Llama-3.2-1B,256,16,32,8
2746.35681,8.044,,6586.94572,19.558,,,,,11272192,meta-llama/Llama-3.2-1B,256,16,16,8
2752.9043,8.043,,6543.12307,19.455,,,,,5636096,meta-llama/Llama-3.2-1B,256,16,8,8
2796.70255,8.19,,6637.33365,19.797,,,,,2818048,meta-llama/Llama-3.2-1B,256,16,4,8
2780.17532,8.195,,6628.01722,19.753,,,,,1409024,meta-llama/Llama-3.2-1B,256,16,2,8
2779.00949,8.03,,6520.85961,19.135,,,,,704512,meta-llama/Llama-3.2-1B,256,16,1,8
1817.10806,4.896,,6234.73395,17.933,,,,,1235814400,meta-llama/Llama-3.2-1B,256,12,-1,8
2636.91502,7.352,,7492.29046,20.904,,,,,721420288,meta-llama/Llama-3.2-1B,256,12,1024,8
2338.60953,6.646,,6092.44035,17.516,,,,,360710144,meta-llama/Llama-3.2-1B,256,12,512,8
2196.71223,6.357,,5450.6821,15.794,,,,,180355072,meta-llama/Llama-3.2-1B,256,12,256,8
2117.86148,6.228,,5099.26583,15.136,,,,,90177536,meta-llama/Llama-3.2-1B,256,12,128,8
2073.03155,6.115,,4923.46283,14.77,,,,,45088768,meta-llama/Llama-3.2-1B,256,12,64,8
2051.03162,6.074,,4820.07693,14.613,,,,,22544384,meta-llama/Llama-3.2-1B,256,12,32,8
2080.82219,6.065,,4843.14357,14.799,,,,,11272192,meta-llama/Llama-3.2-1B,256,12,16,8
2003.71274,6.063,,4804.20867,14.675,,,,,5636096,meta-llama/Llama-3.2-1B,256,12,8,8
2053.27414,6.141,,4861.62524,14.858,,,,,2818048,meta-llama/Llama-3.2-1B,256,12,4,8
2062.45761,6.138,,4843.25916,14.803,,,,,1409024,meta-llama/Llama-3.2-1B,256,12,2,8
2062.44833,6.048,,4789.99899,14.393,,,,,704512,meta-llama/Llama-3.2-1B,256,12,1,8
1194.12828,3.413,,4459.49394,13.698,,,,,1235814400,meta-llama/Llama-3.2-1B,256,8,-1,8
1737.45008,5.366,,5174.31837,15.677,,,,,721420288,meta-llama/Llama-3.2-1B,256,8,1024,8
1544.30317,4.768,,4124.89321,12.894,,,,,360710144,meta-llama/Llama-3.2-1B,256,8,512,8
1467.577,4.474,,3635.45934,11.375,,,,,180355072,meta-llama/Llama-3.2-1B,256,8,256,8
1400.42641,4.375,,3373.33717,10.761,,,,,90177536,meta-llama/Llama-3.2-1B,256,8,128,8
1382.61984,4.307,,3243.49169,10.47,,,,,45088768,meta-llama/Llama-3.2-1B,256,8,64,8
1353.26735,4.272,,3208.1983,10.353,,,,,22544384,meta-llama/Llama-3.2-1B,256,8,32,8
1361.07219,4.286,,3206.42592,10.471,,,,,11272192,meta-llama/Llama-3.2-1B,256,8,16,8
1366.16483,4.262,,3199.39307,10.373,,,,,5636096,meta-llama/Llama-3.2-1B,256,8,8,8
1363.93598,4.313,,3237.91711,10.541,,,,,2818048,meta-llama/Llama-3.2-1B,256,8,4,8
1361.69976,4.31,,3202.31772,10.511,,,,,1409024,meta-llama/Llama-3.2-1B,256,8,2,8
1381.81876,4.252,,3134.17962,10.129,,,,,704512,meta-llama/Llama-3.2-1B,256,8,1,8
610.74095,1.901,,2730.62118,9.78,,,,,1235814400,meta-llama/Llama-3.2-1B,256,4,-1,8
908.11815,2.965,,2908.03602,9.9,,,,,721420288,meta-llama/Llama-3.2-1B,256,4,1024,8
784.92805,2.632,,2250.94901,8.145,,,,,360710144,meta-llama/Llama-3.2-1B,256,4,512,8
736.18504,2.521,,1962.79196,7.76,,,,,180355072,meta-llama/Llama-3.2-1B,256,4,256,8
701.83474,2.482,,1773.98708,7.903,,,,,90177536,meta-llama/Llama-3.2-1B,256,4,128,8
702.71366,2.533,,1829.38049,7.938,,,,,45088768,meta-llama/Llama-3.2-1B,256,4,64,8
698.39153,2.504,,1805.41088,8.088,,,,,22544384,meta-llama/Llama-3.2-1B,256,4,32,8
684.16569,2.484,,1779.38497,8.199,,,,,11272192,meta-llama/Llama-3.2-1B,256,4,16,8
700.94028,2.522,,1762.75756,8.166,,,,,5636096,meta-llama/Llama-3.2-1B,256,4,8,8
692.59877,2.519,,1812.84848,8.401,,,,,2818048,meta-llama/Llama-3.2-1B,256,4,4,8
703.81531,2.532,,1794.35125,8.312,,,,,1409024,meta-llama/Llama-3.2-1B,256,4,2,8
702.38898,2.451,,1771.28734,8.102,,,,,704512,meta-llama/Llama-3.2-1B,256,4,1,8
786.84622,2.655,,2783.97828,9.036,,,,,355412057,FacebookAI/roberta-large,256,16,-1,8
1095.40923,3.872,,2965.14167,9.804,,,,,201326592,FacebookAI/roberta-large,256,16,1024,8
971.37405,3.428,,2503.47751,8.313,,,,,100663296,FacebookAI/roberta-large,256,16,512,8
908.15461,3.205,,2287.86638,8.398,,,,,50331648,FacebookAI/roberta-large,256,16,256,8
886.192,3.156,,2188.39701,8.373,,,,,25165824,FacebookAI/roberta-large,256,16,128,8
882.7941,3.081,,2054.15571,7.091,,,,,12582912,FacebookAI/roberta-large,256,16,64,8
860.53953,3.049,,2134.24747,8.47,,,,,6291456,FacebookAI/roberta-large,256,16,32,8
873.55856,3.054,,2153.58871,8.574,,,,,3145728,FacebookAI/roberta-large,256,16,16,8
869.01184,3.061,,2162.02522,8.537,,,,,1572864,FacebookAI/roberta-large,256,16,8,8
882.06268,3.099,,2103.46469,8.567,,,,,786432,FacebookAI/roberta-large,256,16,4,8
877.91757,3.087,,2114.65257,8.605,,,,,393216,FacebookAI/roberta-large,256,16,2,8
860.99724,2.99,,2097.58754,8.41,,,,,196608,FacebookAI/roberta-large,256,16,1,8
561.96966,1.795,,2004.87078,6.82,,,,,355412057,FacebookAI/roberta-large,256,12,-1,8
783.45738,2.485,,2255.3493,7.946,,,,,201326592,FacebookAI/roberta-large,256,12,1024,8
714.52756,2.347,,2034.19316,8.448,,,,,100663296,FacebookAI/roberta-large,256,12,512,8
671.47047,2.325,,1702.50526,6.432,,,,,50331648,FacebookAI/roberta-large,256,12,256,8
661.52479,2.359,,1610.03498,6.215,,,,,25165824,FacebookAI/roberta-large,256,12,128,8
641.39322,2.36,,1738.70185,8.452,,,,,12582912,FacebookAI/roberta-large,256,12,64,8
643.85528,2.335,,1682.71309,7.962,,,,,6291456,FacebookAI/roberta-large,256,12,32,8
647.95057,2.343,,1628.8322,7.02,,,,,3145728,FacebookAI/roberta-large,256,12,16,8
649.3593,2.363,,1753.94764,8.474,,,,,1572864,FacebookAI/roberta-large,256,12,8,8
648.11588,2.406,,1588.77297,7.283,,,,,786432,FacebookAI/roberta-large,256,12,4,8
651.35624,2.407,,1625.08444,6.749,,,,,393216,FacebookAI/roberta-large,256,12,2,8
652.35552,2.325,,1701.40124,8.388,,,,,196608,FacebookAI/roberta-large,256,12,1,8
388.9751,1.445,,1550.47496,6.69,,,,,355412057,FacebookAI/roberta-large,256,8,-1,8
539.83029,2.115,,1620.98669,6.535,,,,,201326592,FacebookAI/roberta-large,256,8,1024,8
499.79009,2.108,,1552.076,8.454,,,,,100663296,FacebookAI/roberta-large,256,8,512,8
474.24189,2.135,,1449.74733,8.505,,,,,50331648,FacebookAI/roberta-large,256,8,256,8
470.15962,2.191,,1380.15684,8.344,,,,,25165824,FacebookAI/roberta-large,256,8,128,8
457.40697,2.141,,1354.63019,8.443,,,,,12582912,FacebookAI/roberta-large,256,8,64,8
452.20454,2.143,,1276.80973,7.579,,,,,6291456,FacebookAI/roberta-large,256,8,32,8
449.52977,2.134,,1292.69498,7.604,,,,,3145728,FacebookAI/roberta-large,256,8,16,8
453.64042,2.125,,1328.85013,8.319,,,,,1572864,FacebookAI/roberta-large,256,8,8,8
460.74005,2.212,,1371.58446,8.676,,,,,786432,FacebookAI/roberta-large,256,8,4,8
470.72926,2.218,,1322.31131,8.789,,,,,393216,FacebookAI/roberta-large,256,8,2,8
457.39882,2.132,,1306.24142,7.666,,,,,196608,FacebookAI/roberta-large,256,8,1,8
225.84283,1.199,,1061.00328,6.138,,,,,355412057,FacebookAI/roberta-large,256,4,-1,8
341.37991,1.998,,1255.62707,8.628,,,,,201326592,FacebookAI/roberta-large,256,4,1024,8
320.35023,1.992,,879.3272,8.932,,,,,100663296,FacebookAI/roberta-large,256,4,512,8
303.05462,1.98,,838.53705,8.413,,,,,50331648,FacebookAI/roberta-large,256,4,256,8
306.7571,2.015,,790.42726,8.654,,,,,25165824,FacebookAI/roberta-large,256,4,128,8
294.91995,1.953,,737.6248,8.266,,,,,12582912,FacebookAI/roberta-large,256,4,64,8
302.93561,2.036,,729.85079,8.389,,,,,6291456,FacebookAI/roberta-large,256,4,32,8
302.45828,2.018,,748.10414,7.888,,,,,3145728,FacebookAI/roberta-large,256,4,16,8
294.64282,2.006,,775.48823,7.503,,,,,1572864,FacebookAI/roberta-large,256,4,8,8
303.29186,2.069,,756.75269,8.445,,,,,786432,FacebookAI/roberta-large,256,4,4,8
306.66284,2.069,,773.36438,8.619,,,,,393216,FacebookAI/roberta-large,256,4,2,8
293.83906,1.962,,724.34132,8.225,,,,,196608,FacebookAI/roberta-large,256,4,1,8
2374.37358,6.533,,8016.1827,22.592,,,,,1235814400,meta-llama/Llama-3.2-1B,256,16,-1,9
3556.70833,10.227,,10136.04237,27.746,,,,,721420288,meta-llama/Llama-3.2-1B,256,16,1024,9
3125.82245,8.933,,8246.51615,23.104,,,,,360710144,meta-llama/Llama-3.2-1B,256,16,512,9
2933.68311,8.426,,7315.76913,20.842,,,,,180355072,meta-llama/Llama-3.2-1B,256,16,256,9
2840.0327,8.289,,6852.28246,20.115,,,,,90177536,meta-llama/Llama-3.2-1B,256,16,128,9
2770.83372,8.131,,6670.00472,19.615,,,,,45088768,meta-llama/Llama-3.2-1B,256,16,64,9
2757.45371,8.046,,6532.03234,19.388,,,,,22544384,meta-llama/Llama-3.2-1B,256,16,32,9
2765.95201,8.058,,6550.49081,19.578,,,,,11272192,meta-llama/Llama-3.2-1B,256,16,16,9
2780.94788,8.055,,6535.22604,19.49,,,,,5636096,meta-llama/Llama-3.2-1B,256,16,8,9
2797.82924,8.187,,6589.29571,19.772,,,,,2818048,meta-llama/Llama-3.2-1B,256,16,4,9
2785.47542,8.183,,6641.88957,19.734,,,,,1409024,meta-llama/Llama-3.2-1B,256,16,2,9
2781.48722,8.024,,6498.1255,19.094,,,,,704512,meta-llama/Llama-3.2-1B,256,16,1,9
1796.80138,4.9,,6219.08253,17.928,,,,,1235814400,meta-llama/Llama-3.2-1B,256,12,-1,9
2632.32736,7.356,,7473.64891,20.884,,,,,721420288,meta-llama/Llama-3.2-1B,256,12,1024,9
2331.79858,6.634,,6120.53166,17.485,,,,,360710144,meta-llama/Llama-3.2-1B,256,12,512,9
2205.98384,6.35,,5420.06965,15.795,,,,,180355072,meta-llama/Llama-3.2-1B,256,12,256,9
2119.45015,6.231,,5021.91994,15.116,,,,,90177536,meta-llama/Llama-3.2-1B,256,12,128,9
2066.39546,6.122,,4883.74233,14.756,,,,,45088768,meta-llama/Llama-3.2-1B,256,12,64,9
2043.52407,6.083,,4824.25573,14.608,,,,,22544384,meta-llama/Llama-3.2-1B,256,12,32,9
2036.10074,6.084,,4820.10831,14.822,,,,,11272192,meta-llama/Llama-3.2-1B,256,12,16,9
2039.36527,6.074,,4819.16447,14.691,,,,,5636096,meta-llama/Llama-3.2-1B,256,12,8,9
2070.49727,6.136,,4849.67198,14.846,,,,,2818048,meta-llama/Llama-3.2-1B,256,12,4,9
2068.37288,6.156,,4838.58026,14.855,,,,,1409024,meta-llama/Llama-3.2-1B,256,12,2,9
2008.91678,6.045,,4780.79406,14.387,,,,,704512,meta-llama/Llama-3.2-1B,256,12,1,9
1203.7149,3.429,,4498.59518,13.698,,,,,1235814400,meta-llama/Llama-3.2-1B,256,8,-1,9
1739.05508,5.357,,5147.46382,15.679,,,,,721420288,meta-llama/Llama-3.2-1B,256,8,1024,9
1538.89119,4.756,,4160.18989,12.895,,,,,360710144,meta-llama/Llama-3.2-1B,256,8,512,9
1466.57017,4.472,,3649.56393,11.349,,,,,180355072,meta-llama/Llama-3.2-1B,256,8,256,9
1404.69605,4.385,,3363.06722,10.792,,,,,90177536,meta-llama/Llama-3.2-1B,256,8,128,9
1379.64828,4.306,,3252.13329,10.457,,,,,45088768,meta-llama/Llama-3.2-1B,256,8,64,9
1368.36718,4.267,,3196.91202,10.305,,,,,22544384,meta-llama/Llama-3.2-1B,256,8,32,9
1363.3348,4.265,,3202.82802,10.448,,,,,11272192,meta-llama/Llama-3.2-1B,256,8,16,9
1350.33708,4.246,,3190.8798,10.323,,,,,5636096,meta-llama/Llama-3.2-1B,256,8,8,9
1372.97453,4.307,,3228.9961,10.476,,,,,2818048,meta-llama/Llama-3.2-1B,256,8,4,9
1357.42504,4.31,,3215.47214,10.491,,,,,1409024,meta-llama/Llama-3.2-1B,256,8,2,9
1361.65162,4.214,,3166.30343,10.102,,,,,704512,meta-llama/Llama-3.2-1B,256,8,1,9
599.07315,1.891,,2681.73922,9.529,,,,,1235814400,meta-llama/Llama-3.2-1B,256,4,-1,9
905.52839,2.957,,2888.71694,9.973,,,,,721420288,meta-llama/Llama-3.2-1B,256,4,1024,9
787.91331,2.625,,2261.85865,8.039,,,,,360710144,meta-llama/Llama-3.2-1B,256,4,512,9
736.73561,2.53,,1952.61093,7.755,,,,,180355072,meta-llama/Llama-3.2-1B,256,4,256,9
708.14746,2.468,,1852.55968,7.965,,,,,90177536,meta-llama/Llama-3.2-1B,256,4,128,9
704.22122,2.544,,1826.65224,8.174,,,,,45088768,meta-llama/Llama-3.2-1B,256,4,64,9
701.77223,2.496,,1775.65792,8.237,,,,,22544384,meta-llama/Llama-3.2-1B,256,4,32,9
699.24845,2.511,,1767.12927,8.079,,,,,11272192,meta-llama/Llama-3.2-1B,256,4,16,9
696.79059,2.527,,1778.85483,8.105,,,,,5636096,meta-llama/Llama-3.2-1B,256,4,8,9
703.34755,2.527,,1790.02885,8.25,,,,,2818048,meta-llama/Llama-3.2-1B,256,4,4,9
700.77104,2.541,,1791.98986,8.196,,,,,1409024,meta-llama/Llama-3.2-1B,256,4,2,9
692.05524,2.429,,1760.67301,8.057,,,,,704512,meta-llama/Llama-3.2-1B,256,4,1,9
793.00407,2.649,,2443.68222,9.044,,,,,355412057,FacebookAI/roberta-large,256,16,-1,9
1091.8706,3.862,,3024.34648,9.797,,,,,201326592,FacebookAI/roberta-large,256,16,1024,9
980.7361,3.435,,2503.9336,8.304,,,,,100663296,FacebookAI/roberta-large,256,16,512,9
913.26501,3.237,,2300.06334,8.362,,,,,50331648,FacebookAI/roberta-large,256,16,256,9
886.01327,3.154,,2202.41119,8.472,,,,,25165824,FacebookAI/roberta-large,256,16,128,9
875.89041,3.087,,2131.12514,8.345,,,,,12582912,FacebookAI/roberta-large,256,16,64,9
872.04252,3.058,,2141.42153,8.527,,,,,6291456,FacebookAI/roberta-large,256,16,32,9
874.25128,3.066,,2205.68651,8.551,,,,,3145728,FacebookAI/roberta-large,256,16,16,9
869.51962,3.058,,2205.8635,8.599,,,,,1572864,FacebookAI/roberta-large,256,16,8,9
868.66062,3.084,,2170.51347,8.537,,,,,786432,FacebookAI/roberta-large,256,16,4,9
861.21026,3.064,,2155.42084,8.633,,,,,393216,FacebookAI/roberta-large,256,16,2,9
861.35094,2.985,,2092.47967,8.404,,,,,196608,FacebookAI/roberta-large,256,16,1,9
558.88394,1.785,,2053.93835,7.593,,,,,355412057,FacebookAI/roberta-large,256,12,-1,9
790.74191,2.473,,2290.52301,8.54,,,,,201326592,FacebookAI/roberta-large,256,12,1024,9
711.77127,2.364,,1980.15472,8.389,,,,,100663296,FacebookAI/roberta-large,256,12,512,9
673.80926,2.349,,1848.96652,7.833,,,,,50331648,FacebookAI/roberta-large,256,12,256,9
659.0705,2.339,,1766.37271,8.483,,,,,25165824,FacebookAI/roberta-large,256,12,128,9
651.03559,2.36,,1686.06754,7.846,,,,,12582912,FacebookAI/roberta-large,256,12,64,9
647.65939,2.368,,1713.57463,8.495,,,,,6291456,FacebookAI/roberta-large,256,12,32,9
648.51224,2.375,,1710.19936,8.127,,,,,3145728,FacebookAI/roberta-large,256,12,16,9
644.81189,2.358,,1644.44795,7.436,,,,,1572864,FacebookAI/roberta-large,256,12,8,9
652.94255,2.449,,1816.20877,8.574,,,,,786432,FacebookAI/roberta-large,256,12,4,9
649.55454,2.474,,1680.76708,8.396,,,,,393216,FacebookAI/roberta-large,256,12,2,9
653.23352,2.352,,1702.11663,8.116,,,,,196608,FacebookAI/roberta-large,256,12,1,9
388.60252,1.44,,1572.4385,7.161,,,,,355412057,FacebookAI/roberta-large,256,8,-1,9
543.11822,2.114,,1760.93976,8.031,,,,,201326592,FacebookAI/roberta-large,256,8,1024,9
502.27705,2.154,,1584.32609,8.407,,,,,100663296,FacebookAI/roberta-large,256,8,512,9
474.98766,2.166,,1346.42512,7.078,,,,,50331648,FacebookAI/roberta-large,256,8,256,9
471.88442,2.143,,1223.50985,6.285,,,,,25165824,FacebookAI/roberta-large,256,8,128,9
454.5038,2.159,,1342.02004,7.974,,,,,12582912,FacebookAI/roberta-large,256,8,64,9
459.55379,2.136,,1334.86693,8.46,,,,,6291456,FacebookAI/roberta-large,256,8,32,9
454.40177,2.125,,1361.10944,8.627,,,,,3145728,FacebookAI/roberta-large,256,8,16,9
448.11269,2.162,,1329.21032,8.213,,,,,1572864,FacebookAI/roberta-large,256,8,8,9
465.2417,2.231,,1430.95672,8.917,,,,,786432,FacebookAI/roberta-large,256,8,4,9
460.35019,2.257,,1287.59291,8.792,,,,,393216,FacebookAI/roberta-large,256,8,2,9
464.23217,2.155,,1338.69394,8.457,,,,,196608,FacebookAI/roberta-large,256,8,1,9
223.33245,1.209,,989.34962,5.147,,,,,355412057,FacebookAI/roberta-large,256,4,-1,9
338.64028,1.956,,1223.588,8.211,,,,,201326592,FacebookAI/roberta-large,256,4,1024,9
318.45209,1.992,,991.4418,8.278,,,,,100663296,FacebookAI/roberta-large,256,4,512,9
302.23961,1.969,,913.8666,7.95,,,,,50331648,FacebookAI/roberta-large,256,4,256,9
295.68771,1.967,,832.38223,7.82,,,,,25165824,FacebookAI/roberta-large,256,4,128,9
291.25929,1.97,,845.04407,6.611,,,,,12582912,FacebookAI/roberta-large,256,4,64,9
297.51543,2.003,,809.18163,8.07,,,,,6291456,FacebookAI/roberta-large,256,4,32,9
299.94553,2.02,,728.24758,8.474,,,,,3145728,FacebookAI/roberta-large,256,4,16,9
292.83107,1.976,,721.43156,8.395,,,,,1572864,FacebookAI/roberta-large,256,4,8,9
303.46415,2.054,,752.04121,8.622,,,,,786432,FacebookAI/roberta-large,256,4,4,9
308.27227,2.112,,803.23656,7.612,,,,,393216,FacebookAI/roberta-large,256,4,2,9
290.90302,1.983,,722.67851,8.236,,,,,196608,FacebookAI/roberta-large,256,4,1,9
