flops,count,self_device_time_total,self_cpu_time_total,device_time_total,cpu_time_total,self_device_memory_usage,self_cpu_memory_usage,device_memory_usage,cpu_memory_usage,name,is_annotation,device,record_step,self_cpu_time_total_percentage,cpu_time_total_percentage
0,1,0,1259.3509999999978,0,4343.423,0,-381440,0,0,ProfilerStep*,True,CPU,__init__,28.99443595523618,43.59131129023433
0,1,0,31.67999999999995,0,1040.165,0,0,0,20480,aten::matmul,False,CPU,naive,0.72937864905168,10.439267901884435
5242880,1,0,1005.7330000000002,0,1008.485,0,20480,0,20480,aten::mm,False,CPU,naive,23.155308612585056,10.121322184491811
0,1,0,2.127999999999929,0,2.127999999999929,0,0,0,0,aten::resolve_conj,False,CPU,naive,0.048993616325187055,0.021356959804655355
0,1,0,0.32799999999997453,0,0.32799999999997453,0,0,0,0,aten::resolve_conj,False,CPU,naive,0.007551647629069851,0.003291862225529439
0,1,0,0.2959999999999354,0,0.2959999999999354,0,0,0,0,aten::resolve_conj,False,CPU,naive,0.006814901518915736,0.0029707049352334664
0,1,0,19.142000000000053,0,84.26700000000005,0,0,0,320,aten::matmul,False,CPU,naive,0.44071231376727654,0.8457175431668016
81920,1,0,63.98999999999978,0,65.125,0,320,0,320,aten::mm,False,CPU,naive,1.4732619871469987,0.6536052665781139
0,1,0,0.49300000000016553,0,0.49300000000016553,0,0,0,0,aten::resolve_conj,False,CPU,naive,0.011350494759551754,0.00494782950361794
0,1,0,0.31799999999998363,0,0.31799999999998363,0,0,0,0,aten::resolve_conj,False,CPU,naive,0.00732141446964718,0.003191500572312161
0,1,0,0.3240000000000691,0,0.3240000000000691,0,0,0,0,aten::resolve_conj,False,CPU,naive,0.007459554365302877,0.003251717564243441
0,1,0,7.451999999999998,0,50.249000000000024,0,0,0,20480,aten::matmul,False,CPU,naive,0.1715697504019295,0.5043072712519564
81920,1,0,41.792000000000144,0,42.797000000000025,0,20480,0,20480,aten::mm,False,CPU,naive,0.9621904198600999,0.4295177672743732
0,1,0,0.3669999999999618,0,0.3669999999999618,0,0,0,0,aten::resolve_conj,False,CPU,naive,0.008449556950818785,0.0036832726730770494
0,1,0,0.31899999999996,0,0.31899999999996,0,0,0,0,aten::resolve_conj,False,CPU,naive,0.0073444377855889234,0.0032015367376336612
0,1,0,0.31899999999996,0,0.31899999999996,0,0,0,0,aten::resolve_conj,False,CPU,naive,0.0073444377855889234,0.0032015367376336612
5120,1,0,42.21100000000001,0,42.21100000000001,0,20480,0,20480,aten::add,False,CPU,naive,0.9718371892399155,0.4236365743958353
0,1,0,8.151000000000067,0,34.56099999999992,0,0,0,320,aten::matmul,False,CPU,naive,0.18766304824559035,0.3468599096845473
81920,1,0,25.44199999999978,0,26.409999999999854,0,320,0,320,aten::mm,False,CPU,naive,0.5857592042036841,0.2650551261470694
0,1,0,0.35400000000004184,0,0.35400000000004184,0,0,0,0,aten::resolve_conj,False,CPU,naive,0.008150253843570885,0.003552802523895273
0,1,0,0.3269999999999982,0,0.3269999999999982,0,0,0,0,aten::resolve_conj,False,CPU,naive,0.007528624313128107,0.0032818260602079396
0,1,0,0.28700000000003456,0,0.28700000000003456,0,0,0,0,aten::resolve_conj,False,CPU,naive,0.006607691675437427,0.0028803794473388294
0,1,0,7.511000000000195,0,34.8900000000001,0,0,0,20480,aten::matmul,False,CPU,naive,0.17292812604252902,0.35016180807540054
81920,1,0,26.406999999999698,0,27.378999999999905,0,20480,0,20480,aten::mm,False,CPU,naive,0.60797670408799,0.2747801703438329
0,1,0,0.3330000000000837,0,0.3330000000000837,0,0,0,0,aten::resolve_conj,False,CPU,naive,0.007666764208783802,0.0033420430521392186
0,1,0,0.31999999999993634,0,0.31999999999993634,0,0,0,0,aten::resolve_conj,False,CPU,naive,0.007367461101530667,0.0032115729029551605
0,1,0,0.31900000000018736,0,0.31900000000018736,0,0,0,0,aten::resolve_conj,False,CPU,naive,0.007344437785594159,0.003201536737635943
5120,1,0,14.723999999999933,0,14.723999999999933,0,20480,0,20480,aten::add,False,CPU,naive,0.3389953039342457,0.14777249819725305
0,1,0,11.926999999999907,0,165.98199999999997,0,0,0,20480,aten::matmul,False,CPU,soups,0.27459908924366583,1.6658227924325295
5242880,1,0,152.86699999999996,0,154.05500000000006,0,20480,0,20480,aten::mm,False,CPU,soups,3.5195052381497263,1.5461214486401746
0,1,0,0.5480000000000018,0,0.5480000000000018,0,0,0,0,aten::resolve_conj,False,CPU,soups,0.012616777136373818,0.005499818596311825
0,1,0,0.3170000000000073,0,0.3170000000000073,0,0,0,0,aten::resolve_conj,False,CPU,soups,0.007298391153705436,0.003181464406990662
0,1,0,0.32300000000009277,0,0.32300000000009277,0,0,0,0,aten::resolve_conj,False,CPU,soups,0.007436531049361133,0.0032416813989219408
0,1,0,11.834000000000287,0,41.79300000000012,0,0,0,320,aten::matmul,False,CPU,soups,0.2724579208610418,0.41944145729135035
81920,1,0,28.712999999999738,0,29.958999999999833,0,320,0,320,aten::mm,False,CPU,soups,0.6610684706509069,0.3006734768739133
0,1,0,0.6330000000002656,0,0.6330000000002656,0,0,0,0,aten::resolve_conj,False,CPU,soups,0.014573758991474365,0.0063528926486621055
0,1,0,0.3040000000000873,0,0.3040000000000873,0,0,0,0,aten::resolve_conj,False,CPU,soups,0.006999088046457536,0.003050994257808886
0,1,0,0.3089999999997417,0,0.3089999999997417,0,0,0,0,aten::resolve_conj,False,CPU,soups,0.007114204626161019,0.003101175084414102
80,1,0,44.90700000000015,0,109.16699999999992,0,316,0,320,aten::mul,False,CPU,soups,1.033908049020327,1.0956180596780485
0,1,0,8.104999999999563,0,64.25999999999976,0,0,0,4,aten::to,False,CPU,soups,0.1866039757122335,0.6449239835748091
0,1,0,25.995000000000346,0,56.1550000000002,0,0,0,4,aten::_to_copy,False,CPU,soups,0.5984910979197823,0.5635808636421361
0,1,0,12.375,0,12.375,0,4,0,4,aten::empty_strided,False,CPU,soups,0.28491353478581294,0.1241975458564938
0,1,0,17.784999999999854,0,17.784999999999854,0,0,0,0,aten::copy_,False,CPU,soups,0.40946967403358725,0.1784932002470888
0,1,0,10.65099999999984,0,41.36400000000003,0,0,0,20480,aten::matmul,False,CPU,soups,0.24522133810130492,0.41513594236832435
81920,1,0,29.588999999999942,0,30.713000000000193,0,20480,0,20480,aten::mm,False,CPU,soups,0.6812368954163558,0.30824074552650654
0,1,0,0.5199999999999818,0,0.5199999999999818,0,0,0,0,aten::resolve_conj,False,CPU,soups,0.011972124289989297,0.005218805967302991
0,1,0,0.30300000000033833,0,0.30300000000033833,0,0,0,0,aten::resolve_conj,False,CPU,soups,0.006976064730521028,0.003040958092489668
0,1,0,0.3009999999999309,0,0.3009999999999309,0,0,0,0,aten::resolve_conj,False,CPU,soups,0.0069300180986270705,0.003020885761842105
5120,1,0,19.152999999999793,0,19.152999999999793,0,20480,0,20480,aten::add,False,CPU,soups,0.44096557024263566,0.19222267440722426
0,1,0,9.667999999999665,0,34.353999999999814,0,0,0,320,aten::matmul,False,CPU,soups,0.22258941853003184,0.3447824234629467
81920,1,0,23.60400000000027,0,24.68600000000015,0,320,0,320,aten::mm,False,CPU,soups,0.5434423495017702,0.24775277713239793
0,1,0,0.4539999999997235,0,0.4539999999997235,0,0,0,0,aten::resolve_conj,False,CPU,soups,0.010452585437792348,0.004556419056065766
0,1,0,0.3140000000003056,0,0.3140000000003056,0,0,0,0,aten::resolve_conj,False,CPU,soups,0.007229321205885441,0.003151355911028445
0,1,0,0.31399999999985084,0,0.31399999999985084,0,0,0,0,aten::resolve_conj,False,CPU,soups,0.007229321205874972,0.0031513559110238815
80,1,0,19.200999999999567,0,49.82899999999972,0,316,0,320,aten::mul,False,CPU,soups,0.44207068940786026,0.5000920818168239
0,1,0,4.870000000000346,0,30.628000000000156,0,0,0,4,aten::to,False,CPU,soups,0.1121235486389501,0.3073876714741585
0,1,0,12.755999999999858,0,25.75799999999981,0,0,0,4,aten::_to_copy,False,CPU,soups,0.2936854181598214,0.2585115463572965
0,1,0,6.161999999999807,0,6.161999999999807,0,4,0,4,aten::empty_strided,False,CPU,soups,0.1418696728363737,0.06184285071254068
0,1,0,6.8400000000001455,0,6.8400000000001455,0,0,0,0,aten::copy_,False,CPU,soups,0.1574794810452527,0.06864737080068167
0,1,0,8.338000000000193,0,35.75,0,0,0,20480,aten::matmul,False,CPU,soups,0.1919684083268011,0.3587929102520932
81920,1,0,26.454999999999927,0,27.411999999999807,0,20480,0,20480,aten::mm,False,CPU,soups,0.6090818232532251,0.2751113637994492
0,1,0,0.35599999999976717,0,0.35599999999976717,0,0,0,0,aten::resolve_conj,False,CPU,soups,0.008196300475449137,0.00357287485453599
0,1,0,0.29899999999997817,0,0.29899999999997817,0,0,0,0,aten::resolve_conj,False,CPU,soups,0.006883971466743584,0.0030008134311991057
0,1,0,0.3020000000001346,0,0.3020000000001346,0,0,0,0,aten::resolve_conj,False,CPU,soups,0.00695304141457405,0.0030309219271658864
5120,1,0,12.67599999999993,0,12.67599999999993,0,20480,0,20480,aten::add,False,CPU,soups,0.29184355288444,0.12721843161833593
0,1,0,18.907000000000153,0,35.526000000000295,0,0,0,2048,aten::ones,False,CPU,vera,0.43530183452084115,0.3565448092200271
0,1,0,8.25,0,8.25,0,2048,0,2048,aten::empty,False,CPU,vera,0.1899423565238753,0.08279836390432921
0,1,0,8.369000000000142,0,8.369000000000142,0,0,0,0,aten::fill_,False,CPU,vera,0.19268213112101082,0.08399266757761731
0,1,0,8.326000000000477,0,15.719000000000051,0,0,0,32,aten::ones,False,CPU,vera,0.19169212853550016,0.15775848269238243
0,1,0,4.951999999999771,0,4.951999999999771,0,32,0,32,aten::empty,False,CPU,vera,0.1140114605462045,0.049699090673238695
0,1,0,2.4409999999998035,0,2.4409999999998035,0,0,0,0,aten::fill_,False,CPU,vera,0.05619991421512028,0.024498279550357736
0,1,0,8.390999999999622,0,15.096000000000004,0,0,0,2048,aten::ones,False,CPU,vera,0.1931886440717292,0.15150595169693987
0,1,0,4.128000000000156,0,4.128000000000156,0,2048,0,2048,aten::empty,False,CPU,vera,0.09504024820976811,0.04142929044813138
0,1,0,2.5770000000002256,0,2.5770000000002256,0,0,0,0,aten::fill_,False,CPU,vera,0.05933108518328115,0.025863198034118188
0,1,0,8.883000000000266,0,14.869000000000142,0,0,0,32,aten::ones,False,CPU,vera,0.20451611551534965,0.149227742168907
0,1,0,3.5549999999998363,0,3.5549999999998363,0,32,0,32,aten::empty,False,CPU,vera,0.08184788817482977,0.035678567718772945
0,1,0,2.43100000000004,0,2.43100000000004,0,0,0,0,aten::fill_,False,CPU,vera,0.055969681055702845,0.02439791789714274
0,1,0,13.5949999999998,0,173.76099999999997,0,0,0,20480,aten::matmul,False,CPU,vera,0.3130019802353996,1.7438941224703204
5242880,1,0,158.8140000000003,0,160.16600000000017,0,20480,0,20480,aten::mm,False,CPU,vera,3.6564248980585203,1.6074524549213098
0,1,0,0.625,0,0.625,0,0,0,0,aten::resolve_conj,False,CPU,vera,0.014389572463929946,0.0062726033260855464
0,1,0,0.30999999999994543,0,0.30999999999994543,0,0,0,0,aten::resolve_conj,False,CPU,vera,0.007137227942107998,0.003111211249737883
0,1,0,0.4169999999999163,0,0.4169999999999163,0,0,0,0,aten::resolve_conj,False,CPU,vera,0.009600722747932134,0.004185080939163436
0,1,0,12.576000000000022,0,42.97699999999986,0,0,0,320,aten::matmul,False,CPU,vera,0.2895412212902133,0.4313242770322842
81920,1,0,29.40000000000009,0,30.40099999999984,0,320,0,320,aten::mm,False,CPU,vera,0.6768854887032668,0.3051094619461211
0,1,0,0.43099999999958527,0,0.43099999999958527,0,0,0,0,aten::resolve_conj,False,CPU,vera,0.009923049171116543,0.00432558725366443
0,1,0,0.25700000000006185,0,0.25700000000006185,0,0,0,0,aten::resolve_conj,False,CPU,vera,0.005916992197169418,0.002579294487686997
0,1,0,0.31300000000010186,0,0.31300000000010186,0,0,0,0,aten::resolve_conj,False,CPU,vera,0.007206297889938462,0.003141319745704664
0,1,0,21.08699999999999,0,55.13000000000011,0,0,0,0,aten::numpy_T,False,CPU,vera,0.48549266327502505,0.5532937941873549
0,1,0,24.69399999999996,0,34.04300000000012,0,0,0,0,aten::permute,False,CPU,vera,0.5685377638788569,0.3416611760478896
0,1,0,9.34900000000016,0,9.34900000000016,0,0,0,0,aten::as_strided,False,CPU,vera,0.21524498074445342,0.09382810959291964
8,1,0,29.809000000000196,0,29.809000000000196,0,320,0,320,aten::mul,False,CPU,vera,0.686302024923665,0.29916805207565644
0,1,0,5.506000000000313,0,18.51000000000022,0,0,0,0,aten::numpy_T,False,CPU,vera,0.12676637757824447,0.18576942010535172
0,1,0,10.80600000000004,0,13.003999999999905,0,0,0,0,aten::permute,False,CPU,vera,0.24878995207236412,0.13051029384386534
0,1,0,2.1979999999998654,0,2.1979999999998654,0,0,0,0,aten::as_strided,False,CPU,vera,0.050605248441145737,0.022059491377176298
0,1,0,9.130999999999858,0,41.552999999999884,0,0,0,20480,aten::matmul,False,CPU,vera,0.21022589786902768,0.41703277761413116
81920,1,0,31.342999999999847,0,32.422000000000025,0,20480,0,20480,aten::mm,False,CPU,vera,0.7216197915791266,0.32539255206135315
0,1,0,0.3510000000001128,0,0.3510000000001128,0,0,0,0,aten::resolve_conj,False,CPU,vera,0.008081183895745655,0.0035226940279307743
0,1,0,0.4250000000001819,0,0.4250000000001819,0,0,0,0,aten::resolve_conj,False,CPU,vera,0.009784909275476551,0.004265370261739996
0,1,0,0.3029999999998836,0,0.3029999999998836,0,0,0,0,aten::resolve_conj,False,CPU,vera,0.006976064730510558,0.0030409580924851045
0,1,0,4.718000000000302,0,16.170000000000073,0,0,0,0,aten::numpy_T,False,CPU,vera,0.10862400461572133,0.16228479325248596
0,1,0,8.818999999999505,0,11.45199999999977,0,0,0,0,aten::permute,False,CPU,vera,0.20304262329502573,0.11493416526452836
0,1,0,2.6330000000002656,0,2.6330000000002656,0,0,0,0,aten::as_strided,False,CPU,vera,0.0606203908760502,0.02642522329213585
512,1,0,32.79300000000012,0,32.79300000000012,0,20480,0,20480,aten::mul,False,CPU,vera,0.7550035996954504,0.32911596939571847
0,1,0,4.851000000000113,0,17.503000000000156,0,0,0,0,aten::numpy_T,False,CPU,vera,0.11168610563604127,0.17566300162636206
0,1,0,10.330999999999676,0,12.652000000000044,0,0,0,0,aten::permute,False,CPU,vera,0.237853876999769,0.12697756365061535
0,1,0,2.3210000000003674,0,2.3210000000003674,0,0,0,0,aten::as_strided,False,CPU,vera,0.05343711630205871,0.02329393971175497
0,1,0,20.146000000000186,0,20.146000000000186,0,0,0,0,aten::add_,False,CPU,vera,0.46382772297333663,0.20218858657171293
0,1,0,10.046000000000276,0,39.169000000000324,0,0,0,320,aten::matmul,False,CPU,vera,0.23129223195623078,0.3931065594871148
81920,1,0,28.159000000000106,0,29.123000000000047,0,320,0,320,aten::mm,False,CPU,vera,0.6483135536188878,0.29228324266494343
0,1,0,0.34799999999995634,0,0.34799999999995634,0,0,0,0,aten::resolve_conj,False,CPU,vera,0.008012113947915189,0.003492585531963994
0,1,0,0.31399999999985084,0,0.31399999999985084,0,0,0,0,aten::resolve_conj,False,CPU,vera,0.007229321205874972,0.0031513559110238815
0,1,0,0.3020000000001346,0,0.3020000000001346,0,0,0,0,aten::resolve_conj,False,CPU,vera,0.00695304141457405,0.0030309219271658864
0,1,0,5.0659999999998035,0,18.315000000000055,0,0,0,0,aten::numpy_T,False,CPU,vera,0.11663611856362606,0.18381236786761138
0,1,0,10.26700000000028,0,13.249000000000251,0,0,0,0,aten::permute,False,CPU,vera,0.23638038477947648,0.13296915434769435
0,1,0,2.981999999999971,0,2.981999999999971,0,0,0,0,aten::as_strided,False,CPU,vera,0.06865552813990189,0.029927844989419063
8,1,0,14.166000000000167,0,14.166000000000167,0,320,0,320,aten::mul,False,CPU,vera,0.32614829363845443,0.14217231794772622
0,1,0,4.186000000000149,0,15.974999999999909,0,0,0,0,aten::numpy_T,False,CPU,vera,0.09637560053442065,0.16032774101474564
0,1,0,10.174999999999727,0,11.78899999999976,0,0,0,0,aten::permute,False,CPU,vera,0.23426223971277327,0.11831635297795359
0,1,0,1.6140000000000327,0,1.6140000000000327,0,0,0,0,aten::as_strided,False,CPU,vera,0.03715963193085345,0.016198370829283642
0,1,0,8.2199999999998,0,38.202999999999975,0,0,0,20480,aten::matmul,False,CPU,vera,0.18925165704560207,0.38341162378631355
81920,1,0,28.82400000000007,0,29.983000000000175,0,20480,0,20480,aten::mm,False,CPU,vera,0.6636240587205084,0.3009143448416384
0,1,0,0.4930000000003929,0,0.4930000000003929,0,0,0,0,aten::resolve_conj,False,CPU,vera,0.01135049475955699,0.004947829503620222
0,1,0,0.27700000000004366,0,0.27700000000004366,0,0,0,0,aten::resolve_conj,False,CPU,vera,0.006377458516014758,0.002780017794121552
0,1,0,0.38899999999966894,0,0.38899999999966894,0,0,0,0,aten::resolve_conj,False,CPU,vera,0.008956069901542376,0.0039040683101523206
0,1,0,4.537000000000262,0,15.193000000000211,0,0,0,0,aten::numpy_T,False,CPU,vera,0.1044567844301663,0.1524794597331504
0,1,0,8.465999999999894,0,10.655999999999949,0,0,0,0,aten::permute,False,CPU,vera,0.19491539276740708,0.10694537766842761
0,1,0,2.1900000000000546,0,2.1900000000000546,0,0,0,0,aten::as_strided,False,CPU,vera,0.05042106191361179,0.0219792020546043
512,1,0,23.036000000000058,0,23.036000000000058,0,20480,0,20480,aten::mul,False,CPU,vera,0.5303651060465457,0.2311931043515312
0,1,0,4.141000000000076,0,14.592999999999847,0,0,0,0,aten::numpy_T,False,CPU,vera,0.09533955131701602,0.14645776054010468
0,1,0,8.471999999999753,0,10.45199999999977,0,0,0,0,aten::permute,False,CPU,vera,0.19505353266305753,0.1048979999427915
0,1,0,1.9800000000000182,0,1.9800000000000182,0,0,0,0,aten::as_strided,False,CPU,vera,0.045586165565730495,0.01987160733703919
0,1,0,10.326000000000022,0,10.326000000000022,0,0,0,0,aten::add_,False,CPU,vera,0.2377387604200655,0.10363344311225518
0,1,0,14.742999999999938,0,26.59999999999991,0,0,0,2048,aten::ones,False,CPU,veraB,0.3394327469371493,0.26696199755819994
0,1,0,6.610000000000127,0,6.610000000000127,0,2048,0,2048,aten::empty,False,CPU,veraB,0.15218411837852605,0.066339052776682
0,1,0,5.246999999999844,0,5.246999999999844,0,0,0,0,aten::fill_,False,CPU,veraB,0.12080333874918109,0.05265975944315181
0,1,0,9.346000000000004,0,16.485000000000127,0,0,0,32,aten::ones,False,CPU,veraB,0.21517591079662293,0.16544618532883362
0,1,0,4.369000000000142,0,4.369000000000142,0,32,0,32,aten::empty,False,CPU,veraB,0.10058886735185918,0.04384800629066982
0,1,0,2.769999999999982,0,2.769999999999982,0,0,0,0,aten::fill_,False,CPU,veraB,0.0637745851601371,0.027800177941210955
0,1,0,8.695999999999913,0,15.49499999999989,0,0,0,2048,aten::ones,False,CPU,veraB,0.20021075543413372,0.15551038166031175
0,1,0,4.208999999999833,0,4.208999999999833,0,2048,0,2048,aten::empty,False,CPU,veraB,0.09690513680108598,0.04224221983918882
0,1,0,2.5900000000001455,0,2.5900000000001455,0,0,0,0,aten::fill_,False,CPU,veraB,0.05963038829052905,0.025993668183299963
0,1,0,9.215999999999894,0,15.29800000000023,0,0,0,32,aten::ones,False,CPU,veraB,0.212182879724123,0.153533257091933
0,1,0,3.605000000000018,0,3.605000000000018,0,32,0,32,aten::empty,False,CPU,veraB,0.08299905397194836,0.03618037598486161
0,1,0,2.4770000000003165,0,2.4770000000003165,0,0,0,0,aten::fill_,False,CPU,veraB,0.05702875358905445,0.02485958150194541
0,1,0,11.793999999999869,0,169.4340000000002,0,0,0,20480,aten::matmul,False,CPU,veraB,0.27153698822334066,1.7004676351231671
5242880,1,0,156.346,0,157.64000000000033,0,20480,0,20480,aten::mm,False,CPU,veraB,3.599603354312947,1.582101101318604
0,1,0,0.5830000000000837,0,0.5830000000000837,0,0,0,0,aten::resolve_conj,False,CPU,veraB,0.01342259319435578,0.005851084382573437
0,1,0,0.39600000000018554,0,0.39600000000018554,0,0,0,0,aten::resolve_conj,False,CPU,veraB,0.009117233113150287,0.003974321467409663
0,1,0,0.31500000000005457,0,0.31500000000005457,0,0,0,0,aten::resolve_conj,False,CPU,veraB,0.007252344521821949,0.003161392076347663
0,1,0,9.690999999998894,0,53.45299999999952,0,0,0,320,aten::matmul,False,CPU,veraB,0.22311895479668672,0.5364631449427962
81920,1,0,42.58800000000156,0,43.762000000000626,0,320,0,320,aten::mm,False,CPU,veraB,0.9805169793501937,0.4392026668098553
0,1,0,0.47599999999965803,0,0.47599999999965803,0,0,0,0,aten::resolve_conj,False,CPU,veraB,0.010959098388521174,0.00477721469314332
0,1,0,0.31300000000010186,0,0.31300000000010186,0,0,0,0,aten::resolve_conj,False,CPU,veraB,0.007206297889938462,0.003141319745704664
0,1,0,0.3849999999993088,0,0.3849999999993088,0,0,0,0,aten::resolve_conj,False,CPU,veraB,0.008863976637764934,0.003863923648861759
0,1,0,5.727000000000771,0,24.63300000000072,0,0,0,0,aten::numpy_T,False,CPU,veraB,0.13185453040150064,0.24722086037035165
0,1,0,13.922999999999774,0,18.90599999999995,0,0,0,0,aten::permute,False,CPU,veraB,0.32055362786446945,0.1897437415727568
0,1,0,4.983000000000175,0,4.983000000000175,0,0,0,0,aten::as_strided,False,CPU,veraB,0.11472518334042471,0.05001021179821659
8,1,0,19.809000000000196,0,19.809000000000196,0,320,0,320,aten::mul,False,CPU,veraB,0.4560688655007858,0.19880639885828771
0,1,0,4.648000000000138,0,15.872000000000298,0,0,0,0,aten::numpy_T,False,CPU,veraB,0.10701237249975742,0.15929401598661064
0,1,0,9.01299999999992,0,11.22400000000016,0,0,0,0,aten::permute,False,CPU,veraB,0.20750914658783912,0.11264591957117628
0,1,0,2.21100000000024,0,2.21100000000024,0,0,0,0,aten::as_strided,False,CPU,veraB,0.050904551548404106,0.022189961526362635
0,1,0,9.679000000000997,0,38.81200000000081,0,0,0,20480,aten::matmul,False,CPU,veraB,0.22284267500542768,0.3895236484672596
81920,1,0,27.850000000000364,0,29.13299999999981,0,20480,0,20480,aten::mm,False,CPU,veraB,0.6411993489927268,0.2923836043181584
0,1,0,0.6149999999997817,0,0.6149999999997817,0,0,0,0,aten::resolve_conj,False,CPU,veraB,0.014159339304502043,0.006172241672865985
0,1,0,0.32700000000022555,0,0.32700000000022555,0,0,0,0,aten::resolve_conj,False,CPU,veraB,0.007528624313133341,0.003281826060210221
0,1,0,0.34099999999943975,0,0.34099999999943975,0,0,0,0,aten::resolve_conj,False,CPU,veraB,0.007850950736307281,0.003422332374706651
0,1,0,16.40599999999995,0,16.40599999999995,0,0,0,0,aten::add_,False,CPU,veraB,0.3777205213491744,0.1646533282684146
0,1,0,9.466999999999643,0,35.71399999999994,0,0,0,320,aten::matmul,False,CPU,veraB,0.2179617320256315,0.35843160830051013
81920,1,0,25.313000000000102,0,26.2470000000003,0,320,0,320,aten::mm,False,CPU,veraB,0.5827891964471363,0.2634192311996307
0,1,0,0.3430000000007567,0,0.3430000000007567,0,0,0,0,aten::resolve_conj,False,CPU,veraB,0.007896997368222178,0.003442404705363342
0,1,0,0.27700000000004366,0,0.27700000000004366,0,0,0,0,aten::resolve_conj,False,CPU,veraB,0.006377458516014758,0.002780017794121552
0,1,0,0.3139999999993961,0,0.3139999999993961,0,0,0,0,aten::resolve_conj,False,CPU,veraB,0.007229321205864501,0.0031513559110193175
0,1,0,5.1340000000000146,0,19.435999999999694,0,0,0,0,aten::numpy_T,False,CPU,veraB,0.1182017040477065,0.1950629091932748
0,1,0,10.391999999999825,0,14.30199999999968,0,0,0,0,aten::permute,False,CPU,veraB,0.239258299272252,0.14353723643147756
0,1,0,3.9099999999998545,0,3.9099999999998545,0,0,0,0,aten::as_strided,False,CPU,veraB,0.0900211653343424,0.03924140640798972
8,1,0,15.09899999999925,0,15.09899999999925,0,320,0,320,aten::mul,False,CPU,veraB,0.347629047412588,0.15153606019289753
0,1,0,4.208000000000538,0,14.64599999999973,0,0,0,0,aten::numpy_T,False,CPU,veraB,0.09688211348515995,0.14698967730215554
0,1,0,8.46099999999933,0,10.437999999999192,0,0,0,0,aten::permute,False,CPU,veraB,0.19480027618768264,0.10475749362828138
0,1,0,1.9769999999998618,0,1.9769999999998618,0,0,0,0,aten::as_strided,False,CPU,veraB,0.04551709561790002,0.019841498841072412
0,1,0,9.161000000000058,0,46.81800000000021,0,0,0,20480,aten::matmul,False,CPU,veraB,0.21091659734730092,0.46987318803307904
81920,1,0,36.46899999999914,0,37.65700000000015,0,20480,0,20480,aten::mm,False,CPU,veraB,0.8396373090992784,0.37793187752064694
0,1,0,0.5600000000004002,0,0.5600000000004002,0,0,0,0,aten::resolve_conj,False,CPU,veraB,0.012893056927690445,0.0056202525801766655
0,1,0,0.3150000000005093,0,0.3150000000005093,0,0,0,0,aten::resolve_conj,False,CPU,veraB,0.00725234452183242,0.003161392076352227
0,1,0,0.31300000000010186,0,0.31300000000010186,0,0,0,0,aten::resolve_conj,False,CPU,veraB,0.007206297889938462,0.003141319745704664
0,1,0,10.389000000000124,0,10.389000000000124,0,0,0,0,aten::add_,False,CPU,veraB,0.23918922932443198,0.10426572152752561
