savings,dataset,epoch_max_mean,epoch_max_sem,epoch_min_mean,epoch_min_sem,global_step_max_mean,global_step_max_sem,global_step_min_mean,global_step_min_sem,num_train_steps_max_mean,num_train_steps_max_sem,num_train_steps_min_mean,num_train_steps_min_sem,train_loss_max_mean,train_loss_max_sem,train_loss_min_mean,train_loss_min_sem,OneHotClassificationMetrics_accuracy_max_mean,OneHotClassificationMetrics_accuracy_max_sem,OneHotClassificationMetrics_accuracy_min_mean,OneHotClassificationMetrics_accuracy_min_sem,OneHotClassificationMetrics_precision_max_mean,OneHotClassificationMetrics_precision_max_sem,OneHotClassificationMetrics_precision_min_mean,OneHotClassificationMetrics_precision_min_sem,OneHotClassificationMetrics_recall_max_mean,OneHotClassificationMetrics_recall_max_sem,OneHotClassificationMetrics_recall_min_mean,OneHotClassificationMetrics_recall_min_sem,OneHotClassificationMetrics_f1_score_max_mean,OneHotClassificationMetrics_f1_score_max_sem,OneHotClassificationMetrics_f1_score_min_mean,OneHotClassificationMetrics_f1_score_min_sem,OneHotClassificationMetrics_mcc_max_mean,OneHotClassificationMetrics_mcc_max_sem,OneHotClassificationMetrics_mcc_min_mean,OneHotClassificationMetrics_mcc_min_sem,train_energy_mean,train_energy_sem,total_energy_mean,total_energy_sem,train_time_mean,train_time_sem,total_time_mean,total_time_sem,total_flops_mean,total_flops_sem,BleuScore_bleu_max_mean,BleuScore_bleu_max_sem,BleuScore_bleu_min_mean,BleuScore_bleu_min_sem,NistScore_nist_max_mean,NistScore_nist_max_sem,NistScore_nist_min_mean,NistScore_nist_min_sem,RougeScore_rouge1_max_mean,RougeScore_rouge1_max_sem,RougeScore_rouge1_min_mean,RougeScore_rouge1_min_sem,RougeScore_rouge2_max_mean,RougeScore_rouge2_max_sem,RougeScore_rouge2_min_mean,RougeScore_rouge2_min_sem,RougeScore_rougeL_max_mean,RougeScore_rougeL_max_sem,RougeScore_rougeL_min_mean,RougeScore_rougeL_min_sem,RougeScore_rougeLsum_max_mean,RougeScore_rougeLsum_max_sem,RougeScore_rougeLsum_min_mean,RougeScore_rougeLsum_min_sem,MeteorScore_meteor_max_mean,MeteorScore_meteor_max_sem,MeteorScore_meteor_min_mean,MeteorScore_meteor_min_sem
0.25,allenai_task219_rocstories_title_answer_generation,2.9999999999999383,0.0,0.0,0.0,2202.0,0.0,0.0,0.0,2202.0,0.0,2202.0,0.0,0.9362637003262838,0.02307050646653433,0.026476866876085536,0.003237116016182146,,,,,,,,,,,,,,,,,,,,,38854.01330663167,538.5469276403954,81993.48091412,3388.886027766048,167.8295906666667,2.1507154536969297,753.9846223333334,8.716435112059997,1.0538842216333056e+16,,0.0085800896584866,0.002024922410923956,0.0,0.0,0.13761386179229498,0.029314286061698072,0.020796958646517132,0.00025262224751871774,0.23077361733274313,0.0037572544658654398,0.03563949674193046,0.0005053375561372086,0.0735821829589786,0.0009019846252056719,0.007883386084575,0.00016440984393968866,0.22936017688447574,0.0035581953892735827,0.03431951893564193,0.0005927476493619573,0.22961519362603278,0.0034895336680636625,0.0348674429612727,0.0005028799587782533,0.2308711745523366,0.0018388412987657861,0.08152922576972807,0.0005322417130924741
0.25,allenai_task288_gigaword_summarization,4.999999999999924,0.0,0.0,0.0,1090.0,0.0,0.0,0.0,1090.0,0.0,1090.0,0.0,1.6495679219563801,0.010814193820826627,0.0317190854499737,0.015888315074596863,,,,,,,,,,,,,,,,,,,,,15615.566547046,359.9971445194694,37041.97066387234,2857.003917299336,83.21390866666667,0.4864322704085096,462.910829,47.99285034782244,4329494731859280.0,,0.0449745390349375,0.002148066240236551,0.0012510483375801334,0.0003292870596925473,1.2766259658362855,0.02366423116045439,0.1743231164843373,0.003830027830687277,0.20300814756521976,0.0020952122814109774,0.09210662890527803,0.0025484113498442976,0.06662650936756599,0.0007359230378790226,0.023318982709053332,0.0012215531039123093,0.18212498453125628,0.002274176453784208,0.08053349040550813,0.0019369006977830972,0.18209146057647843,0.0021366803536321506,0.08166390155648723,0.0024260323870454042,0.21060747800760957,0.002014466577334483,0.15177148023273013,0.0036022672234389116
0.25,alpaca_mmlu,0.9999999999999222,0.0,0.0,0.0,6376.0,0.0,0.0,0.0,6376.0,0.0,6376.0,0.0,1.3591994841893513,0.003821188751264368,1.3591994841893513,0.003821188751264368,,,,,,,,,,,,,,,,,,,,,290213.5774941133,14100.48932861092,467362.4749670007,22381.717134506598,1101.8880063333334,5.950110639543655,2590.0000086666664,216.24868374503293,4.567531858459139e+16,,0.10805760433667037,0.0017962960129716823,0.054440278998909436,0.00019366336816723146,2.1071286972179633,0.009365861107698503,1.5074892959988528,0.010025639112505895,0.34261462153054034,0.002253224174383194,0.2835711724475363,0.0002527461106029282,0.1477410194442018,0.002202697766476154,0.1058594956726638,0.0004392769822664723,0.26765258131133646,0.002575983231056296,0.20916076903465808,0.000347857166086134,0.28676948944929886,0.0023007275967215986,0.2336093668299898,0.0002838770982534903,0.33082780165394193,0.00310523832883529,0.28648807549044425,0.00020585303639692858
0.25,arc_challenge,7.999999999999974,0.0,0.0,0.0,560.0,0.0,0.0,0.0,560.0,0.0,560.0,0.0,0.47107116381327313,0.0021644198908870034,0.01763539163706197,0.014472077722557902,0.41583054626532884,0.01741415758284649,0.1872909698996655,0.0,,,,,,,,,,,,,,,,,13497.657008701999,829.1195851973157,20741.95845655567,3430.5679494435512,59.112162000000005,0.38893558346509316,121.63274066666668,52.22789825778542,4842121872698368.0,,,,,,,,,,,,,,,,,,,,,,,,,,,,,
0.25,arc_easy,1.000000000000001,0.0,0.0,0.0,141.0,0.0,0.0,0.0,141.0,0.0,141.0,0.0,0.29602477451165515,0.0434336514077866,0.29602477451165515,0.0434336514077866,0.6631578947368421,0.007647191129018701,0.2473684210526315,0.0,,,,,,,,,,,,,,,,,2884.812850606333,316.6261916577019,6120.490405851,1885.4473531820745,13.837191333333335,0.14508547714173364,48.138467,29.835352175244548,1084746034536864.0,,,,,,,,,,,,,,,,,,,,,,,,,,,,,
0.25,boolq,2.999999999999861,0.0,0.0,0.0,3537.0,0.0,0.0,0.0,3537.0,0.0,3537.0,0.0,0.13816346228122708,0.008655025526197915,0.0018703275709412669,0.0007867714165728937,0.8321100917431193,0.002757950919157728,0.6186544342507645,0.0,0.9089630910182439,0.003980385776612993,0.6243670886075949,0.0,0.9704869650762419,0.0,0.7830791933103788,0.009074336187585973,0.8639078071114635,0.0008163671471177869,0.7598690544964376,0.0,0.6550108540714145,0.008533065673478285,0.0293381270235792,0.0,96134.88992160534,3068.8255167246384,141085.33258739568,14182.277737681645,409.3510273333333,1.8533706168771036,700.7807426666667,192.84050584572634,3.3344312696199744e+16,,,,,,,,,,,,,,,,,,,,,,,,,,,,,
0.25,glue_cola,3.0000000000000324,0.0,0.0,0.0,1605.0,0.0,0.0,0.0,,,,,0.15033425142367676,0.04435324353183029,0.06314343462387717,0.01089604684751766,0.8271013103227869,0.0051433291592940505,0.6001917545541706,0.0,0.8326091345546845,0.01078457812164925,0.6849148418491483,0.0,0.94960702727693,0.0018492834026814554,0.7808599167822469,0.0,0.8825515312722367,0.0024570465516488564,0.729747245625405,0.0,0.5756615239989081,0.01460006949442494,-0.026552650791889603,0.0,32053.795775792667,861.269765613748,39611.63899246333,2082.359803539197,142.782299,1.605614854077509,179.65683566666667,23.971078035335797,4567093448392608.0,,,,,,,,,,,,,,,,,,,,,,,,,,,,,
0.25,glue_mnli_matched,0.9999999999997308,0.0,0.0,0.0,24544.0,0.0,0.0,0.0,,,,,0.11667574693759276,0.004065823693913669,0.11667574693759276,0.004065823693913669,0.8729156053659365,0.0016599557697198019,0.3496688741721854,0.0,,,,,,,,,,,,,,,,,1293587.4898353468,14351.872530182409,1392001.0154758634,15029.471951774756,4776.604310666667,21.336083523312976,5059.872600333333,142.79869865315715,2.0019929212309174e+17,,,,,,,,,,,,,,,,,,,,,,,,,,,,,
0.25,glue_mnli_mismatched,0.9999999999997308,0.0,0.0,0.0,24544.0,0.0,0.0,0.0,,,,,0.11667574693759276,0.004065823693913669,0.11667574693759276,0.004065823693913669,0.8773732031461893,0.0018903718279699483,0.3331977217249796,0.0,,,,,,,,,,,,,,,,,1293587.4898353468,14351.872530182409,1392001.0154758634,15029.471951774756,4776.604310666667,21.336083523312976,5059.872600333333,142.79869865315715,2.0019929212309174e+17,,,,,,,,,,,,,,,,,,,,,,,,,,,,,
0.25,glue_mrpc,9.99999999999974,0.0,0.0,0.0,2300.0,0.0,0.0,0.0,,,,,0.18002087374528244,0.02624853810230414,0.00044102116468513336,0.0001699268139000025,0.8586601307189543,0.003561191947337192,0.3848039215686274,0.0,0.9302983558638998,0.01475809642826661,0.6111111111111112,0.0,0.974910394265233,0.008277423214188244,0.2759856630824372,0.0,0.8995480418832796,0.001691788916946558,0.3802469135802469,0.0,0.6663003302910145,0.01119867845777874,-0.1045279693589734,0.0,111268.51859556466,2183.80680864301,126282.90241969466,2805.5017600882097,409.99173766666667,1.780903792105056,465.0266596666667,28.395012998943336,1.6871758392293632e+16,,,,,,,,,,,,,,,,,,,,,,,,,,,,,
0.25,glue_qnli,1.000000000000267,0.0,0.0,0.0,13093.0,0.0,0.0,0.0,,,,,0.1780662859479586,0.03947219023086453,0.1780662859479586,0.03947219023086453,0.9216547684422478,0.004915146103641813,0.4949661358228079,0.0,1.0,0.0,0.943643914216803,0.007193984332008359,0.899070385126162,0.01775499355919322,0.0007243752263672,0.0,0.9204741699660602,0.006075981583232132,0.0014477017734346,0.0,0.844880372202911,0.008598724435551089,0.0189316461535685,0.0,344416.73475650203,8503.303115507262,397482.980931468,8744.732396097685,1324.7913653333333,12.21917137673898,1506.3901746666668,98.92091333326962,5.104708062925854e+16,,,,,,,,,,,,,,,,,,,,,,,,,,,,,
0.25,glue_qqp,0.9999999999999862,0.0,0.0,0.0,45481.0,0.0,0.0,0.0,,,,,0.13785577317078906,0.022839819527939703,0.13785577317078906,0.022839819527939703,0.8770055239508615,0.004032426730843004,0.5375463764531289,0.0,0.8945543635834575,0.003222525599928284,0.3449397982427595,0.0,0.7550778188332773,0.01576077832537576,0.2848505206583809,0.0,0.8186785452119688,0.007920553805039296,0.312028553556316,0.0,0.7328381770476479,0.008624173082345704,-0.0318303717947929,0.0,906618.9659769499,16741.648549559708,1080703.2162958167,26436.744649173965,3708.457221,145.83300960248752,4212.326473,202.9118059963953,1.2444743814791792e+17,,,,,,,,,,,,,,,,,,,,,,,,,,,,,
0.25,glue_rte,10.000000000000243,0.0,0.0,0.0,1560.0,0.0,0.0,0.0,,,,,0.2484818845987319,0.008303700555123375,0.0008934768023512001,0.0003451204140463119,0.8243080625752106,0.011851814442594623,0.5270758122743683,0.0,0.8594439401961527,0.013791392794181343,0.0,0.0,0.9236641221374046,0.019210774644454816,0.0,0.0,0.8129527124767738,0.013109628826936037,0.0,0.0,0.6511145912035997,0.025405440379407434,0.0,0.0,129273.33241819667,6373.237105175896,158267.9186075273,12138.25070004565,485.8532886666667,0.30582431636717583,651.076283,135.9534222380925,2.128136869415712e+16,,,,,,,,,,,,,,,,,,,,,,,,,,,,,
0.25,glue_sst2,0.9999999999999373,0.0,0.0,0.0,4210.0,0.0,0.0,0.0,,,,,0.014882804205020231,0.002900557441257896,0.014882804205020231,0.002900557441257896,0.9461009174311927,0.0026483957302276414,0.6032110091743119,0.0,0.9338634676622389,0.006954147107679097,0.5698005698005698,0.0,0.9624624624624625,0.002706870326924925,0.9009009009009009,0.0,0.9478977891129713,0.002296079994597305,0.6980802792321118,0.0,0.8926404392517319,0.00504273094538796,0.24643816888916628,0.0,116239.89778846134,1966.1741103437362,127468.521649385,2243.6847159391946,450.05090966666666,2.296683790846377,486.0334363333333,26.292065542514322,1.8200188664957936e+16,,,,,,,,,,,,,,,,,,,,,,,,,,,,,
0.25,hellaswag,2.999999999999721,0.0,0.0,0.0,14967.0,0.0,0.0,0.0,14967.0,0.0,14967.0,0.0,0.09974256902933114,0.007101855562404656,0.0003152279775046,0.00016324316215194197,0.8577308637057691,0.0033742071622087236,0.2534355706034654,0.0,,,,,,,,,,,,,,,,,461248.3235608693,5743.59003541147,599675.1193691477,15732.880411383445,1746.8111916666667,15.627892843430006,2258.2909433333334,200.35274608278775,1.3025157831878094e+17,,,,,,,,,,,,,,,,,,,,,,,,,,,,,
0.25,piqa,3.000000000000148,0.0,0.0,0.0,6045.0,0.0,0.0,0.0,6045.0,0.0,6045.0,0.0,0.3189622660477956,0.06350546623681406,0.0015435856184921333,0.0005165011898545888,0.7586144359811389,0.004099620803575385,0.4967355821545158,0.0,1.0,0.0,0.6910525873499499,0.015669599482323892,0.7891522988505747,0.00844682185079373,0.0032327586206896005,0.0,0.7623333733923588,0.003949951225405134,0.006444683136412399,0.0,0.5182282000936582,0.008643697643221782,0.0400395604427795,0.0,109074.362339069,3186.032336558301,141127.08918804166,14571.428327119895,513.7312523333334,21.70670569360834,759.4869309999999,217.92698926966247,3.3897005314245056e+16,,,,,,,,,,,,,,,,,,,,,,,,,,,,,
0.5,allenai_task219_rocstories_title_answer_generation,2.9999999999999383,0.0,0.0,0.0,2202.0,0.0,0.0,0.0,2202.0,0.0,2202.0,0.0,1.0476322571436565,0.00895814267839435,0.4433119595050812,0.018978717320896666,,,,,,,,,,,,,,,,,,,,,33547.88256147567,494.29705778547464,76518.49816580066,3738.1612103568073,142.60995533333335,1.8702966367577714,722.1667386666667,10.977667824446813,9402104966766720.0,,0.0083735179867122,0.005122315499106856,0.0,0.0,0.21373205606400544,0.021061771946768806,0.021166619680726532,0.0003105716303529558,0.23339609277737952,0.006112568184589285,0.03745766762987367,0.0012280379830001246,0.0820672761450338,0.002981586205901347,0.008377364100159667,0.00031032289573434404,0.2320167710059012,0.006221378202231617,0.0357727270233656,0.0011370367755959383,0.23216685583318716,0.006120997579467728,0.0364445664040094,0.0011113899391578632,0.22689725532048677,0.0029042911853357743,0.08426060454672339,0.0014259103533404843
0.5,allenai_task288_gigaword_summarization,5.000000000000091,0.0,0.0,0.0,1095.0,0.0,0.0,0.0,1095.0,0.0,1095.0,0.0,1.7447713216145833,0.09909429655593527,0.012964151799678766,0.0026153923270610586,,,,,,,,,,,,,,,,,,,,,13644.561035202665,312.330748926944,30363.853058044333,2204.8728436838514,70.19380866666667,0.966916896822976,338.59137333333337,27.283976694195058,3930080533272416.0,,0.03918223421929263,0.0024458746454301505,0.0006507316024820667,0.0004334644914063595,1.2574754972591211,0.030249978153102413,0.15283834229896073,0.00386135846093061,0.19367661544223472,0.0016141060323099279,0.08014317172359382,0.002035558748571282,0.05856092873036627,0.000982567445391671,0.019233818588328833,0.0008984540659366311,0.17362707417503684,0.0002819393535875838,0.069485458931714,0.0016853284095152486,0.17383358552087388,0.0002826214806333563,0.07112886939018156,0.0018305794406422902,0.20091122359660327,0.005343692186514275,0.13687996162998498,0.0011503201809519468
0.5,alpaca_mmlu,0.9999999999999222,0.0,0.0,0.0,6376.0,0.0,0.0,0.0,6376.0,0.0,6376.0,0.0,1.3507223924001057,0.00963551436800549,1.3507223924001057,0.00963551436800549,,,,,,,,,,,,,,,,,,,,,252519.04043897,14325.531951052875,432975.75077046733,22074.844000827947,954.6624383333333,7.862258630362671,2495.6028760000004,227.73417992405348,4.076269097406851e+16,,0.10754168658342393,0.002161337150385805,0.054615833299557735,0.0002818121754533046,2.133578152555019,0.031132486744610957,1.5088846918496985,0.0014493677293310706,0.3410920050904524,0.0016090668594034973,0.2848577360103491,0.0013617036291697427,0.14824513549082585,0.0017611850841486227,0.10780983471838217,0.0013086194663313611,0.26695099274957235,0.0013362621615165243,0.20981277109550064,0.0015071656745390038,0.28617862873865135,0.0016012565251454416,0.2347599554122787,0.0016858956088400502,0.32916538210907376,0.0026488318916610505,0.2900245129200491,0.0017473365398996761
0.5,arc_challenge,7.999999999999974,0.0,0.0,0.0,560.0,0.0,0.0,0.0,560.0,0.0,560.0,0.0,0.5278149346510569,0.06499868761473739,0.037983221933245596,0.015935675701665614,0.39799331103678925,0.006962093643699458,0.1872909698996655,0.0,,,,,,,,,,,,,,,,,11784.006770503665,846.6972607041422,19442.788824754,3964.153818666949,51.260005,0.5973321123632429,117.72378100000002,55.97493450002177,4339142081187328.0,,,,,,,,,,,,,,,,,,,,,,,,,,,,,
0.5,arc_easy,1.000000000000001,0.0,0.0,0.0,141.0,0.0,0.0,0.0,141.0,0.0,141.0,0.0,0.2793567180633545,0.01920608348636106,0.2793567180633545,0.01920608348636106,0.5923976608187135,0.02149470871285275,0.2473684210526315,0.0,,,,,,,,,,,,,,,,,2459.5555994523334,363.6385391972914,6194.314578201668,2307.308834641803,12.039043333333334,0.16832448341851872,50.483438,34.34406382613567,980262611293344.0,,,,,,,,,,,,,,,,,,,,,,,,,,,,,
0.5,boolq,2.999999999999861,0.0,0.0,0.0,3537.0,0.0,0.0,0.0,3537.0,0.0,3537.0,0.0,0.13568439831336335,0.007846236276830744,0.017618867879112533,0.006607719714919628,0.8301732925586136,0.005600961006245102,0.6186544342507645,0.0,0.8998388677831759,0.004141009510442124,0.6243670886075949,0.0,0.9704869650762419,0.0,0.7998032464338416,0.014335132313096794,0.8623375036860086,0.006140981622940713,0.7598690544964376,0.0,0.6452111913396604,0.008311357202531072,0.0293381270235792,0.0,83916.70995836768,2932.495101375784,129572.20399584666,14974.581698600356,353.3294183333333,2.6589589893154475,647.8794536666667,195.2338097770026,2.9848691299470144e+16,,,,,,,,,,,,,,,,,,,,,,,,,,,,,
0.5,glue_cola,3.0000000000000324,0.0,0.0,0.0,1605.0,0.0,0.0,0.0,,,,,0.20885047316551208,0.016845416323325337,0.07404757042725876,0.009354070481025952,0.8245445829338447,0.0019958446782992476,0.6001917545541706,0.0,0.8349129226737547,0.00906825495054248,0.6849148418491483,0.0,0.9542302357836338,0.008916921646780396,0.7808599167822469,0.0,0.8805822478136999,0.0016295657375362306,0.729747245625405,0.0,0.5704879219820872,0.005460713374624529,-0.026552650791889603,0.0,27596.960373007667,877.2963796863829,35408.572086968335,2320.787048114776,121.63485033333335,1.4919947825925735,159.39828666666668,23.395817993401298,4089208407118496.0,,,,,,,,,,,,,,,,,,,,,,,,,,,,,
0.5,glue_mnli_matched,0.9999999999997308,0.0,0.0,0.0,24544.0,0.0,0.0,0.0,,,,,0.11247243235508597,0.011550415145531128,0.11247243235508597,0.011550415145531128,0.8639836984207845,0.0006783828954130975,0.3496688741721854,0.0,,,,,,,,,,,,,,,,,1124557.1218832042,14899.046673503435,1223287.9577722556,14739.03144852013,4110.690984333333,11.109602370418468,4398.511575333334,157.8161923388653,1.787777912025727e+17,,,,,,,,,,,,,,,,,,,,,,,,,,,,,
0.5,glue_mnli_mismatched,0.9999999999997308,0.0,0.0,0.0,24544.0,0.0,0.0,0.0,,,,,0.11247243235508596,0.011550415145531132,0.11247243235508596,0.011550415145531132,0.8690330892324383,0.0012936522937577338,0.3331977217249796,0.0,,,,,,,,,,,,,,,,,1124557.1218832042,14899.046673503397,1223287.9577722556,14739.03144852014,4110.690984333333,11.109602370418534,4398.511575333334,157.8161923388655,1.787777912025727e+17,,,,,,,,,,,,,,,,,,,,,,,,,,,,,
0.5,glue_mrpc,9.99999999999974,0.0,0.0,0.0,2300.0,0.0,0.0,0.0,,,,,0.2107428958018621,0.021090395064079333,0.0011603034605892333,0.0001959089361894224,0.8439542483660131,0.004323123057295067,0.3848039215686274,0.0,0.9179536679536678,0.008013671747414242,0.6111111111111112,0.0,0.978494623655914,0.010346779017735237,0.2759856630824372,0.0,0.890604661210289,0.003049370382202998,0.3802469135802469,0.0,0.6329981119782925,0.01310491242265182,-0.1045279693589734,0.0,96077.20280978266,2698.5780058209234,111828.28603384567,2980.548301976358,355.56483099999997,1.9623569025955503,415.97442466666666,33.3103169517655,1.5073691690731264e+16,,,,,,,,,,,,,,,,,,,,,,,,,,,,,
0.5,glue_qnli,1.000000000000267,0.0,0.0,0.0,13093.0,0.0,0.0,0.0,,,,,0.13250256081422165,0.024216365696120144,0.13250256081422165,0.024216365696120144,0.9149429495393252,0.0033123606194739993,0.4949661358228079,0.0,1.0,0.0,0.9298143480620813,0.00726022334995183,0.8997947603525293,0.005974571064425262,0.0007243752263672,0.0,0.9144852049905902,0.0032196808959392554,0.0014477017734346,0.0,0.8304929295115281,0.006746406231436996,0.0189316461535685,0.0,297763.540363777,7767.985076663487,351076.96278445865,9082.0892190145,1141.8876586666668,12.526747181335363,1324.732398,98.76543808729112,4.556028465866622e+16,,,,,,,,,,,,,,,,,,,,,,,,,,,,,
0.5,glue_qqp,0.9999999999999862,0.0,0.0,0.0,45481.0,0.0,0.0,0.0,,,,,0.15730834255615866,0.022401134594003277,0.15730834255615866,0.022401134594003277,0.8735262593783494,0.0015864787779352005,0.5375463764531289,0.0,0.879821321503378,0.0035069724847426272,0.3449397982427595,0.0,0.7604523569589072,0.008611877478290366,0.2848505206583809,0.0,0.8156999894477801,0.0035635140256046354,0.312028553556316,0.0,0.7247338237363481,0.003430363535568589,-0.0318303717947929,0.0,776824.9272983804,10784.100566054793,949703.457520796,9808.41742633623,3328.4451753333337,45.774747304260124,3857.4613876666667,69.70937364044794,1.1114083481697968e+17,,,,,,,,,,,,,,,,,,,,,,,,,,,,,
0.5,glue_rte,10.000000000000243,0.0,0.0,0.0,1560.0,0.0,0.0,0.0,,,,,0.2677955577770868,0.025982642651072068,0.0012045028949311,0.0007199139958137787,0.8206979542719615,0.015078175795597672,0.5270758122743683,0.0,0.8626871746603112,0.005762418988768648,0.0,0.0,0.9007633587786259,0.019210774644454812,0.0,0.0,0.8065131520342933,0.0126106671172562,0.0,0.0,0.640596350401338,0.030598069225967875,0.0,0.0,112413.86342911767,6347.922351154444,142096.75183953365,12949.210623296167,422.950672,0.9909757557796369,594.270382,141.20551249217374,1.901035738028525e+16,,,,,,,,,,,,,,,,,,,,,,,,,,,,,
0.5,glue_sst2,0.9999999999999373,0.0,0.0,0.0,4210.0,0.0,0.0,0.0,,,,,0.025700446839133834,0.006090247911482498,0.025700446839133834,0.006090247911482498,0.934250764525994,0.003058103975535141,0.6032110091743119,0.0,0.912038135692704,0.006280586512167653,0.5698005698005698,0.0,0.9639639639639638,0.0022522522522522618,0.9009009009009009,0.0,0.9372473169948662,0.0026816191979090404,0.6980802792321118,0.0,0.8698595777578962,0.005752611715992961,0.24643816888916628,0.0,101351.83820034067,1715.065123235785,112631.68983812832,2538.6040778269644,391.037599,3.7946729616324504,427.51785133333334,25.18001443155482,1.6273253072696816e+16,,,,,,,,,,,,,,,,,,,,,,,,,,,,,
0.5,hellaswag,2.999999999999721,0.0,0.0,0.0,14967.0,0.0,0.0,0.0,14967.0,0.0,14967.0,0.0,0.13590364654858902,0.02490567273282232,0.00022997328172396684,0.00012928433757211164,0.8487353116908983,0.0032942351507436697,0.2534355706034654,0.0,,,,,,,,,,,,,,,,,402337.5385584713,5754.016226794994,540402.2510657847,15346.082057711283,1543.2397586666666,19.45936211761975,2060.5129543333333,201.11415940153555,1.1628879803986811e+17,,,,,,,,,,,,,,,,,,,,,,,,,,,,,
0.5,piqa,3.000000000000148,0.0,0.0,0.0,6045.0,0.0,0.0,0.0,6045.0,0.0,6045.0,0.0,0.2721175154050191,0.014618631600186225,0.07125710529120012,0.05060031110547108,0.735038084874864,0.00927049540742261,0.49601015596663034,0.00047982432191959293,1.0,0.0,0.5885250972074938,0.06004962608927051,0.7564655172413793,0.016211615081029834,0.0032327586206896005,0.0,0.7368086381325298,0.013491824583887518,0.006444683136412399,0.0,0.47157555736029383,0.018036306846374296,0.01652484507966277,0.012261808431544952,92499.51324947768,1965.922060879303,125466.768555192,16257.501010601312,423.33796299999995,13.297891149852632,677.6095666666666,230.17808970536774,3.0195190956898496e+16,,,,,,,,,,,,,,,,,,,,,,,,,,,,,
0.75,allenai_task219_rocstories_title_answer_generation,2.9999999999999285,0.0,0.0,0.0,2181.0,0.0,0.0,0.0,2181.0,0.0,2181.0,0.0,0.7338219285011292,0.03647509028268844,0.4090680778026581,0.09352288056576744,,,,,,,,,,,,,,,,,,,,,27534.139390225668,505.9642052376586,81951.00257025666,440.95572224369465,113.85291533333333,2.393918378980529,901.7146186666668,75.78653891550198,8200076518411520.0,,0.004826483591543233,0.00041693212077818255,0.0,0.0,0.17250137267595078,0.016108759941767085,0.020814617659524533,0.00025167949655516346,0.21629386892278646,0.0012762224110781822,0.03589971253857113,0.0004565126088534144,0.06057965915090377,0.0015047358839572395,0.007248856678762867,9.008562485918995e-05,0.21508683922324057,0.0012069657560583717,0.034178894383920265,0.0004055048257545929,0.21510133008547952,0.0011968258480061246,0.034867103861672695,0.0004291303210572722,0.2058447544787343,0.004076224710790117,0.08254000723532377,0.0003338891285474467
0.75,allenai_task288_gigaword_summarization,4.999999999999985,0.0,0.0,0.0,1075.0,0.0,0.0,0.0,1075.0,0.0,1075.0,0.0,2.6609443028767905,0.034934169920467835,0.9484158754348755,0.017454224580154217,,,,,,,,,,,,,,,,,,,,,11270.435979373666,333.4652048296727,33327.35573285533,3580.090670805726,56.69619666666667,0.6262943660285547,445.8389179999999,65.96342818670799,3425758015815632.0,,0.0479799497814671,0.0022100704195913987,0.0010190833604961332,6.594718789131355e-05,1.3454243337501837,0.019730973591960563,0.16203444192769947,0.001539854181436674,0.2152379451129095,0.0030475114693034023,0.090240020907472,0.0017008741583234201,0.06746634439960573,0.0025140109547298127,0.021752309191228964,0.0008657396928051307,0.1762360491929852,0.00021794614527044168,0.07784640951231447,0.0012871746606300052,0.19420574416660408,0.0029640745689576147,0.0796298646191016,0.0012466184446506153,0.212726082926486,0.005051684592725237,0.14911237027477778,0.0020959470274498214
0.75,alpaca_mmlu,0.9999999999999222,0.0,0.0,0.0,6376.0,0.0,0.0,0.0,6376.0,0.0,6376.0,0.0,1.3261550267537434,0.017235454198914136,1.3261550267537434,0.017235454198914136,,,,,,,,,,,,,,,,,,,,,211580.88422682066,12644.247363774262,386407.598184668,20977.71595695562,800.7241186666666,5.147398427598454,2268.8742553333336,219.16111241684567,3.590826159940931e+16,,0.11167018778195914,0.0006446168587637087,0.05445377040535216,0.000414027867274137,2.2999252783000603,0.023705631012390378,1.5058657901606034,0.0029996159404558557,0.3401933573611254,0.0002870228756569029,0.28151787648586274,6.34960721724331e-05,0.1460232663998672,0.0007014154187666978,0.10661625434379819,0.0005743329347336579,0.2651191693729129,0.0009202576830004752,0.2079195912809865,0.0004679971221984384,0.2846753854759068,0.00104693459927351,0.23275616873081786,0.00031818639420834563,0.3334239182444485,0.0006760729280868645,0.2860658420197572,0.0003029278956504853
0.75,arc_challenge,7.999999999999974,0.0,0.0,0.0,560.0,0.0,0.0,0.0,560.0,0.0,560.0,0.0,0.4942263166109721,0.009027047525493399,0.31095463534196216,0.04812090864044436,0.3110367892976589,0.0019309373551492288,0.1872909698996655,0.0,,,,,,,,,,,,,,,,,9926.245507875334,589.0344620373531,16854.927594757333,3424.032425708144,42.71138833333333,0.3654281192726039,98.89038599999999,46.58003347355728,3859956383054848.0,,,,,,,,,,,,,,,,,,,,,,,,,,,,,
0.75,arc_easy,1.000000000000001,0.0,0.0,0.0,141.0,0.0,0.0,0.0,141.0,0.0,141.0,0.0,0.46820334593455,0.004004272253351454,0.46820334593455,0.004004272253351454,0.34561403508771926,0.03421427479838614,0.2473684210526315,0.0,,,,,,,,,,,,,,,,,2133.6427083486665,288.6504329630283,5245.580173984667,1785.738294424001,10.043511666666667,0.03758215415740633,39.98366766666667,25.68205075904917,876326778572064.0,,,,,,,,,,,,,,,,,,,,,,,,,,,,,
0.75,boolq,2.999999999999861,0.0,0.0,0.0,3537.0,0.0,0.0,0.0,3537.0,0.0,3537.0,0.0,0.2235486805438995,0.03286547985656734,0.030902472014228466,0.0038153997761678606,0.7942915392456676,0.003873598369011213,0.6186544342507645,0.0,0.8770677298025138,0.006488232299093423,0.6243670886075949,0.0,0.9704869650762419,0.0,0.749959009673717,0.0027582560815315096,0.8302364250743709,0.002528898855530566,0.7598690544964376,0.0,0.5765503054300243,0.0064517845999533694,0.0293381270235792,0.0,71202.14152248033,2814.0912206601092,114351.45004787901,12743.339875329171,298.92466866666666,2.118998277164974,566.3960803333333,168.5005765095364,2.629609754977824e+16,,,,,,,,,,,,,,,,,,,,,,,,,,,,,
0.75,glue_cola,3.0000000000000324,0.0,0.0,0.0,1605.0,0.0,0.0,0.0,,,,,0.23999932408332825,0.05400815695071125,0.13702748467524842,0.021858126650685462,0.8092042186001919,0.004729513770197767,0.6001917545541706,0.0,0.8253582622603549,0.008007682256144958,0.6849148418491483,0.0,0.9833564493758669,0.01664355062413314,0.7808599167822469,0.0,0.8719297490738538,0.002388859938096141,0.729747245625405,0.0,0.5280220286268272,0.011622484718283409,-0.026552650791889603,0.0,23852.851417711663,700.3591091240608,31198.646587408333,1981.3751920906957,104.739153,1.245084926747167,139.20194566666666,20.360597516351298,3603968344277024.0,,,,,,,,,,,,,,,,,,,,,,,,,,,,,
0.75,glue_mnli_matched,0.9999999999997308,0.0,0.0,0.0,24544.0,0.0,0.0,0.0,,,,,0.16224071880181626,0.03007472844694133,0.16224071880181626,0.03007472844694133,0.8477840040753947,0.002426058257726089,0.3496688741721854,0.0,,,,,,,,,,,,,,,,,958990.600848233,12373.24409116554,1056399.341178665,16693.13012916543,3476.742254666666,20.35856886195054,3752.3641176666665,132.55885044695142,1.5698283748538614e+17,,,,,,,,,,,,,,,,,,,,,,,,,,,,,
0.75,glue_mnli_mismatched,0.9999999999997308,0.0,0.0,0.0,24544.0,0.0,0.0,0.0,,,,,0.16224071880181626,0.03007472844694133,0.16224071880181626,0.03007472844694133,0.8565229183618118,0.002634192223546343,0.3331977217249796,0.0,,,,,,,,,,,,,,,,,958990.600848233,12373.244091165543,1056399.341178665,16693.130129165413,3476.742254666666,20.35856886195058,3752.3641176666665,132.55885044695142,1.5698283748538614e+17,,,,,,,,,,,,,,,,,,,,,,,,,,,,,
0.75,glue_mrpc,9.99999999999974,0.0,0.0,0.0,2300.0,0.0,0.0,0.0,,,,,0.22969860335191086,0.005183904822212874,0.07878303279479343,0.011352039107598438,0.8063725490196078,0.014773808267994376,0.3848039215686274,0.0,0.8548662341394069,0.00682750069942571,0.6111111111111112,0.0,0.978494623655914,0.005475000830293695,0.2759856630824372,0.0,0.8619933623647863,0.011109719235081592,0.3802469135802469,0.0,0.5418116264333203,0.035363847293776285,-0.1045279693589734,0.0,81253.04068432767,2494.397692629266,96316.98200514133,2388.250287367838,299.2657693333333,2.005485522010091,353.980155,27.731153798606314,1.3305328858910464e+16,,,,,,,,,,,,,,,,,,,,,,,,,,,,,
0.75,glue_qnli,1.000000000000267,0.0,0.0,0.0,13093.0,0.0,0.0,0.0,,,,,0.1111511836449305,0.01007212037021436,0.1111511836449305,0.01007212037021436,0.9035938739398377,0.006390444435063615,0.4949661358228079,0.0,1.0,0.0,0.9320162269601905,0.008116592700873917,0.8734757937945189,0.02132947150763435,0.0007243752263672,0.0,0.901309866363996,0.008134211291398971,0.0014477017734346,0.0,0.8096302489866711,0.010904821053633267,0.0189316461535685,0.0,253964.15079494333,6811.687711875506,304363.92788193934,8275.137134004497,967.2034233333334,14.465001716408388,1131.4676220000001,78.51243421015324,3.999412154810046e+16,,,,,,,,,,,,,,,,,,,,,,,,,,,,,
0.75,glue_qqp,0.9999999999999862,0.0,0.0,0.0,45481.0,0.0,0.0,0.0,,,,,0.2054961025714874,0.043066327441971156,0.2054961025714874,0.043066327441971156,0.8645725121609367,0.0024140089886475345,0.5375463764531289,0.0,0.854209058057609,0.01607460563095324,0.3449397982427595,0.0,0.7642817153734184,0.02420315394350978,0.2848505206583809,0.0,0.805744362347232,0.006864039113773507,0.312028553556316,0.0,0.7058750162559608,0.0055391436596119465,-0.0318303717947929,0.0,666795.720940607,8404.803452987451,834523.7397225999,9206.033261015958,2899.350366666667,46.217739376428575,3419.4576729999994,45.27684984462796,9.774865372406576e+16,,,,,,,,,,,,,,,,,,,,,,,,,,,,,
0.75,glue_rte,10.000000000000243,0.0,0.0,0.0,1560.0,0.0,0.0,0.0,,,,,0.254647562901179,0.004485847717096353,0.028269036983450197,0.007146358796302219,0.7713598074608905,0.00670007745226236,0.5270758122743683,0.0,0.8658271144278608,0.07194352427731741,0.0,0.0,0.926208651399491,0.020827869648530426,0.0,0.0,0.7671770326611588,0.010107198681448805,0.0,0.0,0.5488690339263914,0.012482827930851668,0.0,0.0,95435.145061856,5361.5257112233785,120043.65505581601,8971.19298312431,356.9265943333333,2.1766031184899095,474.94791366666664,86.8932427669494,1.6736297233880128e+16,,,,,,,,,,,,,,,,,,,,,,,,,,,,,
0.75,glue_sst2,0.9999999999999373,0.0,0.0,0.0,4210.0,0.0,0.0,0.0,,,,,0.09248532603184377,0.033913278487973694,0.09248532603184377,0.033913278487973694,0.9411314984709479,0.0013782688361865475,0.6032110091743119,0.0,0.9307533641579875,0.006955542713686116,0.5698005698005698,0.0,0.9557057057057058,0.00667281863161824,0.9009009009009009,0.0,0.942968349723632,0.0011437227116510504,0.6980802792321118,0.0,0.8826972497096985,0.00249684308645598,0.24643816888916628,0.0,86455.37759619633,1559.0795192452656,97568.335950669,2582.4083615363606,330.9027576666667,3.3681774160815925,365.87522733333327,24.29458723224185,1.4344708194620336e+16,,,,,,,,,,,,,,,,,,,,,,,,,,,,,
0.75,hellaswag,2.999999999999721,0.0,0.0,0.0,14967.0,0.0,0.0,0.0,14967.0,0.0,14967.0,0.0,0.16543922076622644,0.030632865062708903,0.032118022441864,0.021538636949290722,0.8301467171214233,0.0037021265667801454,0.2534355706034654,0.0,,,,,,,,,,,,,,,,,339408.7725956357,5733.462949314183,474861.61467489065,15087.466632531914,1280.7063719999999,18.25867295128061,1789.613369,194.09624445304897,1.0214794838371611e+17,,,,,,,,,,,,,,,,,,,,,,,,,,,,,
0.75,piqa,3.000000000000148,0.0,0.0,0.0,6045.0,0.0,0.0,0.0,6045.0,0.0,6045.0,0.0,0.2988329629103343,0.06978030280103148,0.2097670088211695,0.0013026403003792418,0.6207834602829162,0.05455999515751338,0.49474066013783097,0.0012694958287994195,1.0,0.0,0.5028524557452286,0.008211355953932915,0.6936063218390806,0.047390657451939246,0.0032327586206896005,0.0,0.6493977457697117,0.04772351242424376,0.006444683136412399,0.0,0.24838221176813477,0.1044270456981162,0.0007429482420422667,0.011314790015957798,81185.50908197132,3371.962296100266,111900.87807562866,12373.186366623342,374.7378826666666,3.5678500817570553,599.9288373333334,180.68548487317818,2.6570614428547776e+16,,,,,,,,,,,,,,,,,,,,,,,,,,,,,
